State,City,Locality,Property Type,Built-up Area (sqft),Price per Sqft (INR)S,Bedrooms (BHK),Bathrooms,Property Age (Years),Facing,Furnishing Status,Car Parking,Distance to Metro (km),Distance to IT Hub (km),Nearby Schools (count),Nearby Hospitals (count),Monthly Maintenance (INR),Rental Yield (%),Estimated Sale Price (INR),Buyer Attraction Score (1-10)
Telangana,Hyderabad,Banjara Hills,Independent House,1283,"? 7,461",3,3,2,North,Fully Furnished,No,3.9,1,5,1,"? 6,326",4.77,"? 9,572,463",10
Telangana,Hyderabad,Kondapur,Independent House,1263,"? 9,473",3,1,17,West,Unfurnished,No,4.6,2.4,6,1,"? 7,835",5.58,"? 11,964,399",10
Telangana,Hyderabad,Nizampet,Independent House,2598,"? 8,933",3,2,18,West,Unfurnished,Yes,0.7,9,5,4,"? 2,540",4.17,"? 23,207,934",10
Telangana,Hyderabad,Jubilee Hills,Independent House,2231,"? 8,277",4,1,18,East,Unfurnished,Yes,6.2,1.5,4,5,"? 2,417",2.53,"? 18,465,987",7.5
Telangana,Hyderabad,Kukatpally,Independent House,2095,"? 7,369",2,1,4,West,Fully Furnished,No,3.7,7.4,1,2,"? 2,385",2.56,"? 15,438,055",10
Telangana,Hyderabad,Banjara Hills,Independent House,1736,"? 7,734",2,2,17,South,Fully Furnished,No,4.3,3.3,4,3,"? 4,252",5.09,"? 13,426,224",10
Telangana,Hyderabad,Uppal,Independent House,2453,"? 8,291",4,1,9,West,Semi-Furnished,Yes,3.6,5,7,1,"? 1,521",3.94,"? 20,337,823",10
Telangana,Hyderabad,HITEC City,Independent House,2120,"? 5,456",3,3,5,North,Semi-Furnished,Yes,3.3,3.8,1,3,"? 6,069",2.9,"? 11,566,720",10
Telangana,Hyderabad,Banjara Hills,Independent House,3089,"? 8,567",3,1,0,West,Semi-Furnished,No,4.6,4.6,2,3,"? 4,691",4.21,"? 26,463,463",10
Telangana,Hyderabad,Nizampet,Independent House,1163,"? 4,660",2,2,4,East,Unfurnished,Yes,1.4,8.8,6,4,"? 7,853",2.29,"? 5,419,580",10
Telangana,Hyderabad,Nizampet,Independent House,1891,"? 8,993",3,2,8,West,Unfurnished,Yes,1.6,3.9,1,5,"? 3,853",4.62,"? 17,005,763",10
Telangana,Hyderabad,Jubilee Hills,Independent House,2236,"? 5,800",1,2,11,North,Semi-Furnished,No,6.9,7,7,1,"? 6,299",3.21,"? 12,968,800",8.9
Telangana,Hyderabad,Kukatpally,Independent House,1298,"? 9,411",2,1,13,North,Unfurnished,Yes,7.6,6,7,3,"? 2,186",5.59,"? 12,215,478",8.9
Telangana,Hyderabad,Kondapur,Independent House,2760,"? 8,487",3,2,1,South,Semi-Furnished,Yes,3.1,8.1,4,1,"? 1,784",3.4,"? 23,424,120",10
Telangana,Hyderabad,Jubilee Hills,Independent House,601,"? 6,027",2,2,16,West,Fully Furnished,No,2.3,11.3,5,2,"? 6,311",4.05,"? 3,622,227",10
Telangana,Hyderabad,Jubilee Hills,Independent House,1241,"? 9,754",1,1,13,North,Semi-Furnished,Yes,5.2,8.9,1,4,"? 5,247",2.05,"? 12,104,714",8.5
Telangana,Hyderabad,HITEC City,Independent House,2867,"? 5,718",2,3,12,East,Fully Furnished,No,3.4,3,6,2,"? 2,262",2.33,"? 16,393,506",10
Telangana,Hyderabad,Miyapur,Independent House,2189,"? 8,996",2,1,8,South,Unfurnished,Yes,0.4,0.9,1,1,"? 6,846",3.77,"? 19,692,244",10
Telangana,Hyderabad,Kukatpally,Independent House,1454,"? 9,235",2,2,14,East,Semi-Furnished,Yes,1.4,3.5,3,1,"? 6,543",4.16,"? 13,427,690",10
Telangana,Hyderabad,Madhapur,Independent House,2359,"? 7,604",2,2,14,West,Unfurnished,Yes,5.8,7.3,5,5,"? 3,928",4.7,"? 17,937,836",10
Telangana,Hyderabad,Jubilee Hills,Independent House,3032,"? 7,235",1,1,10,West,Fully Furnished,No,5.3,1.1,6,3,"? 4,007",3.31,"? 21,936,520",9.3
Telangana,Hyderabad,LB Nagar,Independent House,2261,"? 9,055",4,3,15,West,Fully Furnished,Yes,0.4,6.2,6,3,"? 6,626",5.13,"? 20,473,355",10
Telangana,Hyderabad,Miyapur,Independent House,1753,"? 5,454",2,2,16,South,Fully Furnished,No,1.9,7.4,2,2,"? 1,528",5.87,"? 9,560,862",10
Telangana,Hyderabad,Madhapur,Independent House,1676,"? 9,065",2,2,3,North,Unfurnished,No,2,4.3,4,4,"? 2,406",5.51,"? 15,192,940",10
Telangana,Hyderabad,LB Nagar,Independent House,2307,"? 7,946",3,2,0,South,Unfurnished,Yes,5.4,9.4,2,3,"? 4,604",2.18,"? 18,331,422",8.5
Telangana,Hyderabad,Kukatpally,Independent House,3377,"? 5,545",2,1,7,East,Unfurnished,Yes,0.4,1.7,6,5,"? 7,722",4.16,"? 18,725,465",10
Telangana,Hyderabad,Gachibowli,Independent House,2295,"? 6,193",3,2,16,South,Unfurnished,Yes,1,1.4,5,2,"? 5,499",2.47,"? 14,212,935",10
Telangana,Hyderabad,LB Nagar,Independent House,2333,"? 7,936",4,3,2,East,Fully Furnished,Yes,6.4,8.9,1,2,"? 4,494",3.09,"? 18,514,688",9.2
Telangana,Hyderabad,Uppal,Independent House,2039,"? 5,062",1,2,19,South,Fully Furnished,No,1.6,6.2,1,5,"? 4,006",6.44,"? 10,321,418",10
Telangana,Hyderabad,Miyapur,Independent House,2894,"? 6,985",1,2,14,North,Semi-Furnished,No,5.3,8.4,5,4,"? 6,165",2.64,"? 20,214,590",10
Telangana,Hyderabad,LB Nagar,Independent House,1435,"? 7,854",4,3,14,East,Semi-Furnished,Yes,2.1,5.5,6,5,"? 7,602",4.24,"? 11,270,490",10
Telangana,Hyderabad,Manikonda,Independent House,802,"? 4,725",1,2,13,West,Unfurnished,Yes,1,3.3,7,4,"? 5,109",4.78,"? 3,789,450",10
Telangana,Hyderabad,Gachibowli,Independent House,722,"? 9,393",4,1,13,West,Fully Furnished,Yes,2.1,9.9,1,5,"? 5,053",5.16,"? 6,781,746",10
Telangana,Hyderabad,Nizampet,Independent House,1000,"? 5,459",4,1,1,South,Fully Furnished,Yes,5.8,9.7,7,5,"? 2,953",4.52,"? 5,459,000",10
Telangana,Hyderabad,Nizampet,Independent House,1366,"? 9,048",4,1,12,West,Fully Furnished,Yes,6.9,8.5,1,1,"? 6,333",2.04,"? 12,359,568",8.6
Telangana,Hyderabad,Uppal,Independent House,893,"? 7,567",1,3,13,East,Semi-Furnished,No,6.7,3.6,1,2,"? 4,856",3.47,"? 6,757,331",7.7
Telangana,Hyderabad,LB Nagar,Independent House,2927,"? 5,315",3,2,18,West,Semi-Furnished,Yes,3.3,7.3,4,5,"? 2,015",4.33,"? 15,557,005",10
Telangana,Hyderabad,LB Nagar,Independent House,797,"? 9,254",4,1,6,North,Fully Furnished,No,5.4,4.7,4,5,"? 7,596",2.4,"? 7,375,438",8.6
Telangana,Hyderabad,HITEC City,Independent House,2530,"? 9,142",2,3,2,North,Fully Furnished,No,1.8,1.6,3,3,"? 1,538",3.58,"? 23,129,260",10
Telangana,Hyderabad,LB Nagar,Independent House,3399,"? 9,811",1,2,14,South,Fully Furnished,No,2.5,11,2,2,"? 4,842",2.15,"? 33,347,589",10
Telangana,Hyderabad,Banjara Hills,Independent House,2791,"? 7,620",4,3,13,East,Semi-Furnished,Yes,7.2,2.1,5,3,"? 2,386",2.35,"? 21,267,420",6.6
Telangana,Hyderabad,Kondapur,Independent House,1208,"? 4,516",4,1,10,North,Fully Furnished,No,0.3,11.4,5,2,"? 4,344",3.79,"? 5,455,328",10
Telangana,Hyderabad,Manikonda,Independent House,1747,"? 5,743",2,1,14,North,Fully Furnished,No,0.9,5.6,5,3,"? 3,704",2.6,"? 10,033,021",10
Telangana,Hyderabad,HITEC City,Independent House,786,"? 6,705",3,1,12,East,Unfurnished,Yes,1.8,2.6,3,5,"? 2,598",4.55,"? 5,270,130",10
Telangana,Hyderabad,Kukatpally,Independent House,3111,"? 7,024",3,3,17,West,Unfurnished,No,0.4,6.7,4,5,"? 3,323",5.1,"? 21,851,664",10
Telangana,Hyderabad,HITEC City,Independent House,2394,"? 5,569",3,3,5,West,Semi-Furnished,Yes,1.6,10.5,6,1,"? 4,701",5.6,"? 13,332,186",10
Telangana,Hyderabad,Banjara Hills,Independent House,1259,"? 7,944",4,1,2,South,Fully Furnished,Yes,4.7,8.9,7,3,"? 7,306",2.9,"? 10,001,496",10
Telangana,Hyderabad,Kukatpally,Independent House,3411,"? 7,065",4,3,18,West,Fully Furnished,No,3.5,9.8,7,4,"? 6,569",2.75,"? 24,098,715",9.9
Telangana,Hyderabad,Manikonda,Independent House,2555,"? 5,560",4,1,14,East,Unfurnished,Yes,7.2,8.1,6,1,"? 4,655",2.47,"? 14,205,800",8.1
Telangana,Hyderabad,Banjara Hills,Independent House,3050,"? 6,827",1,1,4,North,Semi-Furnished,Yes,6.6,8.5,3,3,"? 4,593",4.86,"? 20,822,350",10
Telangana,Hyderabad,Madhapur,Independent House,1969,"? 7,920",2,2,9,West,Unfurnished,Yes,2.9,10.3,6,3,"? 5,030",5.18,"? 15,594,480",10
Telangana,Hyderabad,Kondapur,Independent House,2586,"? 4,801",4,3,6,South,Unfurnished,Yes,2.2,3.4,5,1,"? 7,158",2.14,"? 12,415,386",10
Telangana,Hyderabad,Manikonda,Independent House,2134,"? 8,776",2,1,16,West,Unfurnished,Yes,3.2,6.1,2,5,"? 5,278",6.21,"? 18,727,984",10
Telangana,Hyderabad,LB Nagar,Independent House,746,"? 5,106",2,1,6,East,Unfurnished,Yes,4.8,3,1,3,"? 4,396",2.23,"? 3,809,076",9.5
Telangana,Hyderabad,Madhapur,Independent House,2334,"? 7,670",3,3,11,South,Fully Furnished,Yes,2.3,11.9,7,5,"? 4,953",4.44,"? 17,901,780",10
Telangana,Hyderabad,Uppal,Independent House,2443,"? 5,199",1,2,16,West,Fully Furnished,Yes,5.1,11.4,4,1,"? 5,011",5.19,"? 12,701,157",10
Telangana,Hyderabad,Manikonda,Independent House,1088,"? 9,588",4,2,12,South,Unfurnished,Yes,3.4,1,4,5,"? 2,488",5.92,"? 10,431,744",10
Telangana,Hyderabad,Uppal,Independent House,2559,"? 5,639",3,1,19,East,Semi-Furnished,No,4.5,8.6,3,2,"? 5,616",5.21,"? 14,430,201",10
Telangana,Hyderabad,Kukatpally,Independent House,2263,"? 4,690",3,3,3,North,Semi-Furnished,Yes,3.6,11.1,4,4,"? 7,946",5.61,"? 10,613,470",10
Telangana,Hyderabad,Madhapur,Independent House,3198,"? 6,800",4,2,9,East,Semi-Furnished,Yes,2.5,2.6,5,3,"? 6,464",3.53,"? 21,746,400",10
Telangana,Hyderabad,Kondapur,Independent House,2985,"? 5,480",2,3,2,East,Semi-Furnished,Yes,7.6,7,7,4,"? 5,526",5.67,"? 16,357,800",10
Telangana,Hyderabad,LB Nagar,Independent House,1240,"? 7,475",3,3,8,East,Unfurnished,Yes,6.2,11,6,5,"? 5,679",2.36,"? 9,269,000",8.9
Telangana,Hyderabad,LB Nagar,Independent House,2402,"? 5,684",2,1,12,East,Fully Furnished,Yes,1.3,0.9,5,3,"? 3,182",6.03,"? 13,652,968",10
Telangana,Hyderabad,Banjara Hills,Independent House,3120,"? 7,827",1,2,17,North,Semi-Furnished,No,7,8.5,3,5,"? 7,572",4.46,"? 24,420,240",9.6
Telangana,Hyderabad,LB Nagar,Independent House,2569,"? 7,894",2,1,14,North,Unfurnished,Yes,4,3.9,5,2,"? 7,006",5.68,"? 20,279,686",10
Telangana,Hyderabad,Jubilee Hills,Independent House,2798,"? 4,627",1,2,3,South,Semi-Furnished,Yes,7.2,11.1,6,1,"? 7,126",4.04,"? 12,946,346",7.7
Telangana,Hyderabad,HITEC City,Independent House,2038,"? 6,565",2,2,14,West,Semi-Furnished,No,6.4,11.7,2,3,"? 6,165",4.9,"? 13,379,470",10
Telangana,Hyderabad,Gachibowli,Independent House,2234,"? 6,316",3,2,1,North,Unfurnished,No,3.5,11.4,3,2,"? 5,463",4.37,"? 14,109,944",10
Telangana,Hyderabad,Kondapur,Independent House,862,"? 5,069",3,2,14,North,Fully Furnished,No,0.4,6,2,2,"? 2,433",5.29,"? 4,369,478",10
Telangana,Hyderabad,Madhapur,Independent House,2387,"? 9,942",1,2,7,West,Fully Furnished,No,2.3,10.4,1,3,"? 5,098",2.37,"? 23,731,554",10
Telangana,Hyderabad,Jubilee Hills,Independent House,2791,"? 6,395",4,3,7,North,Unfurnished,Yes,4.4,10.2,2,5,"? 4,733",2.27,"? 17,848,445",10
Telangana,Hyderabad,Kondapur,Independent House,2993,"? 7,233",1,1,16,East,Fully Furnished,Yes,5.1,4.2,1,2,"? 3,480",3.11,"? 21,648,369",10
Telangana,Hyderabad,Madhapur,Independent House,1223,"? 8,363",1,3,11,East,Unfurnished,Yes,2.2,10,1,4,"? 3,355",2.72,"? 10,227,949",10
Telangana,Hyderabad,Miyapur,Independent House,1616,"? 9,221",2,2,18,West,Unfurnished,Yes,1.3,0.9,2,2,"? 4,556",5.92,"? 14,901,136",10
Telangana,Hyderabad,Miyapur,Independent House,1480,"? 8,514",2,1,9,South,Unfurnished,Yes,6.7,7.4,3,5,"? 2,292",2.99,"? 12,600,720",7.4
Telangana,Hyderabad,Uppal,Independent House,2649,"? 7,401",1,2,8,South,Fully Furnished,No,7.9,3.1,6,5,"? 2,291",6.39,"? 19,605,249",8.7
Telangana,Hyderabad,Kondapur,Independent House,1927,"? 6,186",3,1,4,West,Unfurnished,No,4.3,1.9,5,4,"? 3,309",3.52,"? 11,920,422",10
Telangana,Hyderabad,Miyapur,Independent House,2901,"? 7,509",2,3,5,West,Semi-Furnished,Yes,1.5,1.4,5,2,"? 6,890",2.82,"? 21,783,609",10
Telangana,Hyderabad,Madhapur,Independent House,1052,"? 4,654",4,1,19,East,Fully Furnished,No,2.3,8.5,6,5,"? 3,755",5.55,"? 4,896,008",10
Telangana,Hyderabad,Uppal,Independent House,1783,"? 7,037",2,1,1,South,Fully Furnished,No,0.3,4.4,7,3,"? 5,110",4.96,"? 12,546,971",10
Telangana,Hyderabad,LB Nagar,Independent House,2656,"? 5,909",2,1,12,North,Fully Furnished,No,7.3,8.8,7,1,"? 3,107",4.24,"? 15,694,304",9.7
Telangana,Hyderabad,Madhapur,Independent House,2282,"? 8,557",4,1,5,East,Fully Furnished,Yes,1.1,1.3,1,1,"? 6,679",4.5,"? 19,527,074",10
Telangana,Hyderabad,Uppal,Independent House,3463,"? 5,284",1,1,4,West,Semi-Furnished,Yes,4.7,4.1,1,1,"? 2,484",5.24,"? 18,298,492",10
Telangana,Hyderabad,Kondapur,Independent House,2855,"? 7,675",4,2,0,South,Fully Furnished,Yes,2.3,6.7,3,2,"? 7,276",3.03,"? 21,912,125",10
Telangana,Hyderabad,Jubilee Hills,Independent House,1754,"? 8,841",1,1,5,North,Fully Furnished,No,4.5,9.6,4,4,"? 5,176",6.48,"? 15,507,114",10
Telangana,Hyderabad,Banjara Hills,Independent House,1003,"? 7,306",1,1,5,North,Unfurnished,No,5.3,4.2,2,5,"? 4,880",6.39,"? 7,327,918",10
Telangana,Hyderabad,LB Nagar,Independent House,2799,"? 5,037",1,3,15,East,Fully Furnished,Yes,6.7,7.7,1,3,"? 2,019",4.93,"? 14,098,563",10
Telangana,Hyderabad,Manikonda,Independent House,2701,"? 6,341",4,1,3,South,Semi-Furnished,No,1.8,10.7,5,3,"? 2,090",2.9,"? 17,127,041",10
Telangana,Hyderabad,Jubilee Hills,Independent House,2296,"? 9,516",1,3,10,South,Semi-Furnished,No,0.3,7.6,3,2,"? 2,550",5.06,"? 21,848,736",10
Telangana,Hyderabad,Kukatpally,Independent House,1227,"? 6,955",3,2,8,West,Semi-Furnished,Yes,1.3,3.2,2,1,"? 7,305",2.32,"? 8,533,785",10
Telangana,Hyderabad,Madhapur,Independent House,1186,"? 5,024",4,1,2,South,Semi-Furnished,Yes,7.2,0.8,3,2,"? 5,133",2.14,"? 5,958,464",7.4
Telangana,Hyderabad,Kukatpally,Independent House,2248,"? 7,450",3,3,18,South,Fully Furnished,Yes,7,10.5,2,4,"? 7,631",3.16,"? 16,747,600",9.3
Telangana,Hyderabad,Jubilee Hills,Independent House,2043,"? 8,631",1,3,7,East,Fully Furnished,Yes,4.9,0.7,2,4,"? 7,842",4.08,"? 17,633,133",10
Telangana,Hyderabad,Uppal,Independent House,2045,"? 9,280",2,2,4,South,Semi-Furnished,Yes,4.9,10.6,6,5,"? 5,944",5.91,"? 18,977,600",10
Telangana,Hyderabad,Manikonda,Independent House,703,"? 8,615",1,1,3,North,Semi-Furnished,Yes,5.4,6.6,1,5,"? 2,459",5.27,"? 6,056,345",10
Telangana,Hyderabad,LB Nagar,Independent House,853,"? 6,868",3,1,5,East,Fully Furnished,Yes,1.6,11.3,3,4,"? 7,559",5.34,"? 5,858,404",10
Telangana,Hyderabad,LB Nagar,Independent House,3157,"? 8,347",3,3,1,East,Semi-Furnished,No,7.3,9.7,3,4,"? 2,192",3.91,"? 26,351,479",7.5
Telangana,Hyderabad,LB Nagar,Independent House,2096,"? 8,995",4,1,19,West,Unfurnished,No,3.5,12,6,4,"? 7,155",3.56,"? 18,853,520",10
Telangana,Hyderabad,Manikonda,Independent House,698,"? 7,201",2,3,10,South,Semi-Furnished,No,3.2,4.5,5,2,"? 5,399",3.67,"? 5,026,298",10
Telangana,Hyderabad,Gachibowli,Independent House,2800,"? 5,471",4,1,3,West,Semi-Furnished,No,4.2,9.3,5,4,"? 5,973",6.44,"? 15,318,800",10
Andhra Pradesh,Vijayawada,Governorpet,Villa,1707,"? 5,079",2,3,11,North,Furnished,No,2.9,10.7,7,2,"? 3,369",5.9,"? 8,669,853",5
Andhra Pradesh,Vijayawada,Gunadala,Apartment,2643,"? 5,088",2,2,5,North,Semi-Furnished,No,6.5,17.5,4,2,"? 4,290",3.8,"? 13,447,584",8
Andhra Pradesh,Vijayawada,Kanuru,Independent House,1842,"? 5,079",4,1,17,South,Unfurnished,No,2.7,18.7,4,3,"? 1,378",2.6,"? 9,355,518",8
Andhra Pradesh,Vijayawada,Moghalrajpuram,Apartment,2806,"? 4,011",4,3,0,West,Semi-Furnished,No,9.6,7.6,8,5,"? 4,134",5.2,"? 11,254,866",6
Andhra Pradesh,Vijayawada,Auto Nagar,Independent House,901,"? 5,225",2,1,9,South,Semi-Furnished,No,6.7,10.7,2,3,"? 1,608",4.7,"? 4,707,725",8
Andhra Pradesh,Vijayawada,Patamata,Apartment,1972,"? 4,996",2,4,3,South,Semi-Furnished,Yes,7.7,8.6,5,2,"? 4,897",4.7,"? 9,852,112",8
Andhra Pradesh,Vijayawada,Benz Circle,Villa,2462,"? 6,963",4,4,13,East,Unfurnished,Yes,4.4,16.5,3,3,"? 1,188",4.8,"? 17,142,906",5
Andhra Pradesh,Vijayawada,Ramavarappadu,Apartment,2372,"? 5,587",4,2,10,South,Unfurnished,Yes,6.5,8.7,3,3,"? 4,957",4.7,"? 13,252,364",7
Andhra Pradesh,Vijayawada,Bhavanipuram,Villa,2033,"? 5,490",3,1,14,North,Semi-Furnished,No,2.6,13.9,6,1,"? 3,525",2.8,"? 11,161,170",10
Andhra Pradesh,Vijayawada,Ajit Singh Nagar,Apartment,1027,"? 6,025",5,3,3,East,Semi-Furnished,No,2.9,6.9,7,4,"? 2,898",5.2,"? 6,187,675",9
Andhra Pradesh,Vijayawada,Enikepadu,Villa,2835,"? 6,115",3,4,3,South,Semi-Furnished,Yes,9,9.5,5,2,"? 3,935",2.7,"? 17,336,025",9
Andhra Pradesh,Vijayawada,Poranki,Independent House,2625,"? 4,586",4,3,20,East,Furnished,Yes,7.4,17.9,3,4,"? 4,152",3.5,"? 12,038,250",10
Andhra Pradesh,Vijayawada,Tadepalli,Independent House,1313,"? 6,933",5,4,2,South,Unfurnished,No,2.9,16,3,3,"? 4,224",5.4,"? 9,103,029",10
Andhra Pradesh,Vijayawada,Kesarapalli,Villa,949,"? 5,681",5,4,18,East,Unfurnished,Yes,3.5,5.9,8,1,"? 3,423",4.9,"? 5,391,269",9
Andhra Pradesh,Vijayawada,Nidamanuru,Independent House,1540,"? 4,374",2,1,11,West,Unfurnished,Yes,1.5,7.3,5,2,"? 2,924",5.9,"? 6,735,960",7
Andhra Pradesh,Vijayawada,Gollapudi,Apartment,2263,"? 4,111",4,3,4,East,Furnished,No,7.8,14.4,2,4,"? 2,987",4.5,"? 9,303,193",8
Andhra Pradesh,Vijayawada,Vijayawada Railway Colony,Villa,1447,"? 6,976",2,1,3,South,Unfurnished,Yes,6.8,11.5,2,5,"? 3,991",3.1,"? 10,094,272",6
Andhra Pradesh,Vijayawada,Suryaraopet,Independent House,1798,"? 4,932",5,2,5,South,Furnished,No,4.8,16.3,4,1,"? 2,220",3,"? 8,867,736",7
Andhra Pradesh,Vijayawada,Machavaram,Independent House,1220,"? 3,507",3,4,9,North,Unfurnished,Yes,4.4,6.1,7,5,"? 1,750",3.6,"? 4,278,540",5
Andhra Pradesh,Vijayawada,Krishna Lanka,Villa,1841,"? 6,881",5,4,12,West,Furnished,No,8.5,5.1,5,4,"? 1,807",3.5,"? 12,667,921",5
Tamil Nadu,Madurai,Anna Nagar,Independent House,800,"? 3,500",1,1,0,East,Unfurnished,Yes,,4,2,1,"? 1,500",2.5,"? 2,800,000",6
Tamil Nadu,Madurai,KK Nagar,Independent House,840,"? 3,900",2,2,1,East,Semi-Furnished,No,,5.2,3,2,"? 2,100",3.1,"? 3,276,000",6.8
Tamil Nadu,Madurai,Tallakulam,Independent House,880,"? 4,300",3,3,2,East,Fully Furnished,Yes,,6.4,4,3,"? 2,700",3.7,"? 3,784,000",7.6
Tamil Nadu,Madurai,Mattuthavani,Independent House,920,"? 4,700",4,1,3,East,Unfurnished,No,,7.6,5,1,"? 3,300",4.3,"? 4,324,000",8.4
Tamil Nadu,Madurai,Simmakkal,Independent House,960,"? 5,100",1,2,4,East,Semi-Furnished,Yes,,8.8,2,2,"? 3,900",4.9,"? 4,896,000",9.2
Tamil Nadu,Madurai,Bibikulam,Independent House,1000,"? 5,500",2,3,5,East,Fully Furnished,No,,4,3,3,"? 1,500",2.5,"? 5,500,000",6
Tamil Nadu,Madurai,Thirunagar,Independent House,1040,"? 3,500",3,1,6,East,Unfurnished,Yes,,5.2,4,1,"? 2,100",3.1,"? 3,640,000",6.8
Tamil Nadu,Madurai,Avaniyapuram,Independent House,1080,"? 3,900",4,2,7,East,Semi-Furnished,No,,6.4,5,2,"? 2,700",3.7,"? 4,212,000",7.6
Tamil Nadu,Madurai,Palanganatham,Independent House,1120,"? 4,300",1,3,8,East,Fully Furnished,Yes,,7.6,2,3,"? 3,300",4.3,"? 4,816,000",8.4
Tamil Nadu,Madurai,Iyer Bungalow,Independent House,1160,"? 4,700",2,1,9,East,Unfurnished,No,,8.8,3,1,"? 3,900",4.9,"? 5,452,000",9.2
Tamil Nadu,Madurai,Anna Nagar,Independent House,1200,"? 5,100",3,2,10,East,Semi-Furnished,Yes,,4,4,2,"? 1,500",2.5,"? 6,120,000",6
Tamil Nadu,Madurai,KK Nagar,Independent House,1240,"? 5,500",4,3,11,East,Fully Furnished,No,,5.2,5,3,"? 2,100",3.1,"? 6,820,000",6.8
Tamil Nadu,Madurai,Tallakulam,Independent House,1280,"? 3,500",1,1,12,East,Unfurnished,Yes,,6.4,2,1,"? 2,700",3.7,"? 4,480,000",7.6
Tamil Nadu,Madurai,Mattuthavani,Independent House,1320,"? 3,900",2,2,13,East,Semi-Furnished,No,,7.6,3,2,"? 3,300",4.3,"? 5,148,000",8.4
Tamil Nadu,Madurai,Simmakkal,Independent House,1360,"? 4,300",3,3,14,East,Fully Furnished,Yes,,8.8,4,3,"? 3,900",4.9,"? 5,848,000",9.2
Tamil Nadu,Madurai,Bibikulam,Independent House,1400,"? 4,700",4,1,15,East,Unfurnished,No,,4,5,1,"? 1,500",2.5,"? 6,580,000",6
Tamil Nadu,Madurai,Thirunagar,Independent House,1440,"? 5,100",1,2,16,East,Semi-Furnished,Yes,,5.2,2,2,"? 2,100",3.1,"? 7,344,000",6.8
Tamil Nadu,Madurai,Avaniyapuram,Independent House,1480,"? 5,500",2,3,17,East,Fully Furnished,No,,6.4,3,3,"? 2,700",3.7,"? 8,140,000",7.6
Tamil Nadu,Madurai,Palanganatham,Independent House,1520,"? 3,500",3,1,18,East,Unfurnished,Yes,,7.6,4,1,"? 3,300",4.3,"? 5,320,000",8.4
Tamil Nadu,Madurai,Iyer Bungalow,Independent House,1560,"? 3,900",4,2,19,East,Semi-Furnished,No,,8.8,5,2,"? 3,900",4.9,"? 6,084,000",9.2
Tamil Nadu,Madurai,Anna Nagar,Independent House,1600,"? 4,300",1,3,0,East,Fully Furnished,Yes,,4,2,3,"? 1,500",2.5,"? 6,880,000",6
Tamil Nadu,Madurai,KK Nagar,Independent House,1640,"? 4,700",2,1,1,East,Unfurnished,No,,5.2,3,1,"? 2,100",3.1,"? 7,708,000",6.8
Tamil Nadu,Madurai,Tallakulam,Independent House,1680,"? 5,100",3,2,2,East,Semi-Furnished,Yes,,6.4,4,2,"? 2,700",3.7,"? 8,568,000",7.6
Tamil Nadu,Madurai,Mattuthavani,Independent House,1720,"? 5,500",4,3,3,East,Fully Furnished,No,,7.6,5,3,"? 3,300",4.3,"? 9,460,000",8.4
Tamil Nadu,Madurai,Simmakkal,Independent House,1760,"? 3,500",1,1,4,East,Unfurnished,Yes,,8.8,2,1,"? 3,900",4.9,"? 6,160,000",9.2
Tamil Nadu,Madurai,Bibikulam,Independent House,1800,"? 3,900",2,2,5,East,Semi-Furnished,No,,4,3,2,"? 1,500",2.5,"? 7,020,000",6
Tamil Nadu,Madurai,Thirunagar,Independent House,1840,"? 4,300",3,3,6,East,Fully Furnished,Yes,,5.2,4,3,"? 2,100",3.1,"? 7,912,000",6.8
Tamil Nadu,Madurai,Avaniyapuram,Independent House,1880,"? 4,700",4,1,7,East,Unfurnished,No,,6.4,5,1,"? 2,700",3.7,"? 8,836,000",7.6
Tamil Nadu,Madurai,Palanganatham,Independent House,1920,"? 5,100",1,2,8,East,Semi-Furnished,Yes,,7.6,2,2,"? 3,300",4.3,"? 9,792,000",8.4
Tamil Nadu,Madurai,Iyer Bungalow,Independent House,1960,"? 5,500",2,3,9,East,Fully Furnished,No,,8.8,3,3,"? 3,900",4.9,"? 10,780,000",9.2
Tamil Nadu,Chennai,Adyar,Apartment,1520,"? 10,850",2.4,2.6,15,East,Fully Furnished,Yes,4.1,7.8,5,3,"? 3,300",3.6,"? 18,600,000",7.7
Tamil Nadu,Chennai,Anna Nagar,Villa,1750,"? 10,450",3,3.4,13,West,Fully Furnished,Yes,4,7.6,4,4,"? 3,900",3.8,"? 21,000,000",8
Tamil Nadu,Chennai,Chrompet,Villa,1450,"? 10,400",2.8,3.2,17,West,Fully Furnished,Yes,4.6,7.2,5,3,"? 3,000",3.6,"? 15,500,000",7.5
Tamil Nadu,Chennai,Karapakkam,Independent House,1650,"? 10,450",2.7,3.2,17,South,Semi-Furnished,Yes,4,8.7,4,2,"? 3,650",3.5,"? 19,800,000",7.6
Tamil Nadu,Chennai,KK Nagar,Apartment,1500,"? 10,900",2.6,3.1,16,East,Fully Furnished,Yes,4.1,8.7,5,3,"? 3,500",3.5,"? 18,800,000",7.3
Tamil Nadu,Chennai,OMR,Villa,1850,"? 10,320",3,3.5,13,West,Fully Furnished,Yes,4.2,7.2,5,4,"? 4,100",3.8,"? 19,500,000",7.8
Tamil Nadu,Chennai,Porur,Apartment,1450,"? 11,020",2.4,2.8,19,West,Fully Furnished,Yes,4.9,9.5,5,3,"? 3,300",3.5,"? 18,700,000",7.2
Tamil Nadu,Chennai,Tambaram,Apartment,1630,"? 10,300",2.8,3.2,15,South,Fully Furnished,Yes,4.1,8.5,5,3,"? 3,700",3.7,"? 17,600,000",7.8
Tamil Nadu,Chennai,T Nagar,Villa,1600,"? 11,200",2.8,3.2,16,East,Fully Furnished,Yes,3.6,8.1,5,4,"? 3,700",3.6,"? 21,500,000",8
Tamil Nadu,Chennai,Velachery,Apartment,1600,"? 10,100",2.6,3,15,East,Unfurnished,No,3.9,8.9,5,3,"? 3,700",3.6,"? 18,500,000",7.9
Tamil Nadu,Chennai,Adyar,Independent House,1580,"? 10,300",2.6,2.9,17,North,Unfurnished,No,4.5,8.8,4,2,"? 3,400",3.4,"? 18,900,000",7.4
Tamil Nadu,Chennai,Anna Nagar,Apartment,1650,"? 10,200",2.5,3,14,South,Semi-Furnished,Yes,4.2,8,5,3,"? 3,700",3.7,"? 19,800,000",7.9
Tamil Nadu,Chennai,Chrompet,Apartment,1400,"? 9,800",2.5,2.8,19,East,Unfurnished,No,5.1,7.9,4,2,"? 2,800",3.4,"? 14,800,000",7.1
Tamil Nadu,Chennai,Karapakkam,Apartment,1550,"? 10,600",2.4,2.8,18,West,Unfurnished,No,4.3,9.1,5,3,"? 3,500",3.3,"? 19,000,000",7.3
Tamil Nadu,Chennai,KK Nagar,Independent House,1550,"? 10,500",2.6,3,18,North,Unfurnished,No,4.6,9,4,2,"? 3,450",3.3,"? 18,900,000",7.1
Tamil Nadu,Chennai,OMR,Apartment,1700,"? 10,100",2.7,3.1,14,South,Semi-Furnished,Yes,4.5,7.6,4,3,"? 3,800",3.6,"? 18,200,000",7.4
Tamil Nadu,Chennai,Porur,Villa,1650,"? 10,600",2.9,3.3,17,East,Semi-Furnished,Yes,4.5,8.8,4,4,"? 3,600",3.7,"? 19,800,000",7.6
Tamil Nadu,Chennai,Tambaram,Apartment,1550,"? 10,000",2.5,2.9,16,West,Unfurnished,No,4.4,9,5,3,"? 3,500",3.5,"? 17,000,000",7.5
Tamil Nadu,Chennai,T Nagar,Apartment,1490,"? 11,070",2.3,2.7,17,North,Semi-Furnished,Yes,3.9,8.6,4,3,"? 3,480",3.4,"? 20,100,000",7.7
Tamil Nadu,Chennai,Velachery,Villa,1850,"? 10,200",3.1,3.7,13,South,Semi-Furnished,Yes,3.4,7.6,4,4,"? 4,200",3.9,"? 21,000,000",8.4
Tamil Nadu,Chennai,Adyar,Apartment,1480,"? 11,020",2.2,2.4,14,South,Fully Furnished,Yes,3.9,7.5,5,3,"? 3,200",3.5,"? 17,800,000",7.8
Tamil Nadu,Chennai,Anna Nagar,Independent House,1700,"? 10,050",2.7,3.2,16,East,Unfurnished,No,4.6,8.9,4,2,"? 3,550",3.5,"? 20,100,000",7.6
Tamil Nadu,Chennai,Chrompet,Apartment,1350,"? 10,200",2.6,3,18,North,Semi-Furnished,Yes,4.8,7.4,5,3,"? 2,900",3.5,"? 15,000,000",7.3
Tamil Nadu,Chennai,Karapakkam,Villa,1750,"? 10,820",2.9,3.4,16,North,Fully Furnished,Yes,4.1,8.4,4,4,"? 3,800",3.6,"? 20,500,000",7.7
Tamil Nadu,Chennai,KK Nagar,Apartment,1450,"? 11,020",2.4,2.9,17,South,Fully Furnished,Yes,4.3,8.9,5,3,"? 3,400",3.4,"? 18,200,000",7.2
Tamil Nadu,Chennai,OMR,Independent House,1750,"? 10,050",2.8,3.2,14,East,Semi-Furnished,Yes,4.6,7.9,5,2,"? 3,900",3.5,"? 18,500,000",7.5
Tamil Nadu,Chennai,Porur,Apartment,1500,"? 10,800",2.6,2.9,18,North,Unfurnished,Yes,4.7,9.2,5,3,"? 3,350",3.6,"? 19,100,000",7.3
Tamil Nadu,Chennai,Tambaram,Villa,1750,"? 10,120",3,3.6,14,North,Semi-Furnished,Yes,3.9,8,4,4,"? 3,950",3.8,"? 18,500,000",8
Tamil Nadu,Chennai,T Nagar,Apartment,1450,"? 10,900",2.2,2.5,18,South,Unfurnished,No,4.1,9,4,3,"? 3,400",3.3,"? 19,500,000",7.4
Tamil Nadu,Chennai,Velachery,Independent House,1750,"? 10,300",2.8,3.4,14,West,Fully Furnished,Yes,3.7,8.3,4,2,"? 4,000",3.7,"? 19,900,000",8.1
Tamil Nadu,Chennai,Anna Nagar,Apartment,1600,"? 10,180",2.4,2.9,15,North,Semi-Furnished,Yes,4.4,8.2,5,3,"? 3,600",3.6,"? 19,400,000",7.8
Tamil Nadu,Chennai,Chrompet,Independent House,1380,"? 10,100",2.6,3,18,South,Semi-Furnished,Yes,4.9,7.6,4,2,"? 2,950",3.5,"? 15,200,000",7.4
Tamil Nadu,Chennai,Karapakkam,Apartment,1600,"? 11,000",2.5,2.9,17,East,Semi-Furnished,Yes,3.8,8.9,5,3,"? 3,600",3.4,"? 19,600,000",7.5
Tamil Nadu,Chennai,KK Nagar,Villa,1600,"? 10,750",2.8,3.3,15,West,Semi-Furnished,Yes,4,8.2,4,4,"? 3,700",3.6,"? 19,500,000",7.5
Tamil Nadu,Chennai,OMR,Apartment,1650,"? 9,950",2.5,2.9,15,North,Unfurnished,No,4.8,8.1,4,3,"? 3,600",3.4,"? 17,500,000",7.2
Tamil Nadu,Chennai,Porur,Independent House,1550,"? 10,400",2.7,3.1,18,South,Unfurnished,No,4.8,9.1,4,2,"? 3,400",3.4,"? 19,200,000",7.1
Tamil Nadu,Chennai,Tambaram,Apartment,1630,"? 10,300",2.8,3.2,15,East,Fully Furnished,Yes,4.1,8.5,5,3,"? 3,700",3.7,"? 17,600,000",7.8
Tamil Nadu,Chennai,T Nagar,Villa,1600,"? 11,200",2.8,3.2,16,West,Fully Furnished,Yes,3.6,8.1,5,4,"? 3,700",3.6,"? 21,500,000",8
Tamil Nadu,Chennai,Velachery,Apartment,1600,"? 10,100",2.6,3,15,North,Unfurnished,No,3.9,8.9,5,3,"? 3,700",3.6,"? 18,500,000",7.9
Tamil Nadu,Chennai,Adyar,Villa,1620,"? 10,540",2.8,3.1,16,West,Semi-Furnished,Yes,4.3,8.2,4,4,"? 3,500",3.7,"? 19,200,000",7.5
Andaman and Nicobar Islands (Union Territory),Port Blair,Haddo,Independent House,1322,"? 4,548",1,1,3,North,Unfurnished,No,3.2,18.8,5,2,"? 3,289",4.33,"? 6,012,456",7.5
Andaman and Nicobar Islands (Union Territory),Port Blair,Phoenix Bay,Independent House,1548,"? 7,144",4,1,23,North,Fully Furnished,No,17.5,16.9,7,3,"? 2,452",4.82,"? 11,058,912",9.7
Andaman and Nicobar Islands (Union Territory),Port Blair,Haddo,Independent House,1479,"? 5,280",1,3,15,East,Fully Furnished,Yes,6.2,10.7,1,4,"? 4,501",4.69,"? 7,809,120",9.3
Andaman and Nicobar Islands (Union Territory),Port Blair,Phoenix Bay,Independent House,2316,"? 7,469",1,3,0,North,Semi-Furnished,No,13.8,5.5,2,1,"? 5,142",4.15,"? 17,298,204",9.5
Andaman and Nicobar Islands (Union Territory),Port Blair,Junglighat,Independent House,1169,"? 7,636",2,1,14,West,Semi-Furnished,No,7.5,5.9,1,5,"? 7,294",2.82,"? 8,926,484",9
Andaman and Nicobar Islands (Union Territory),Port Blair,Junglighat,Independent House,1801,"? 6,037",4,2,1,East,Fully Furnished,No,13.4,10.7,2,2,"? 4,058",6.6,"? 10,872,637",9.2
Andaman and Nicobar Islands (Union Territory),Port Blair,Junglighat,Independent House,599,"? 9,141",4,2,22,South,Semi-Furnished,Yes,14.6,19.8,6,4,"? 4,045",5.57,"? 5,475,459",8.3
Andaman and Nicobar Islands (Union Territory),Port Blair,Phoenix Bay,Independent House,958,"? 7,253",2,2,16,West,Semi-Furnished,No,16.8,6.2,2,5,"? 1,644",3.6,"? 6,948,374",9.1
Andaman and Nicobar Islands (Union Territory),Port Blair,Junglighat,Independent House,1610,"? 5,130",3,1,21,North,Semi-Furnished,No,2.8,12,7,5,"? 3,046",5.48,"? 8,259,300",7.6
Sikkim,Gangtok,Upper Syari,Independent House,2322,"? 9,911",3,3,16,West,Semi-Furnished,Yes,11.2,10.3,4,3,"? 3,464",5.3,"? 23,013,342",8.8
Sikkim,Gangtok,Ranipool,Independent House,788,"? 10,949",1,3,5,West,Unfurnished,No,13.8,17.5,5,4,"? 3,254",3.72,"? 8,627,812",8
Sikkim,Gangtok,Ranipool,Independent House,1981,"? 9,110",4,1,11,West,Fully Furnished,No,6.9,3.4,3,3,"? 4,140",5.6,"? 18,046,910",9.1
Sikkim,Gangtok,Tadong,Independent House,2063,"? 8,187",4,1,22,North,Semi-Furnished,No,15.2,9.9,3,2,"? 4,967",2.49,"? 16,889,781",9.4
Sikkim,Gangtok,Upper Syari,Independent House,927,"? 8,884",3,2,22,North,Unfurnished,No,3.2,8.4,4,4,"? 5,707",3.77,"? 8,235,468",8.7
Sikkim,Gangtok,Ranipool,Independent House,1649,"? 4,889",2,1,13,West,Unfurnished,No,17.5,1.7,4,3,"? 1,940",6.54,"? 8,061,961",9.6
Sikkim,Gangtok,Upper Syari,Independent House,1186,"? 6,352",4,2,9,West,Semi-Furnished,Yes,2.4,8.7,2,4,"? 5,426",3.24,"? 7,533,472",8.7
Sikkim,Gangtok,Upper Syari,Independent House,1122,"? 6,733",2,2,17,South,Fully Furnished,Yes,10.9,10.1,3,4,"? 1,697",3.85,"? 7,554,426",7.5
Sikkim,Gangtok,Deorali,Independent House,1879,"? 4,854",3,1,19,East,Semi-Furnished,No,14.6,15.7,1,1,"? 4,905",3.25,"? 9,120,666",8.6
Sikkim,Gangtok,Tadong,Independent House,1143,"? 5,872",1,2,18,West,Semi-Furnished,Yes,9.4,8.8,3,4,"? 4,330",4.53,"? 6,711,696",8.5
Sikkim,Gangtok,Upper Syari,Independent House,1965,"? 5,874",1,2,16,West,Unfurnished,Yes,9.7,1.9,1,4,"? 5,285",4.02,"? 11,542,410",8.1
Sikkim,Gangtok,Upper Syari,Independent House,1039,"? 5,104",2,2,6,East,Semi-Furnished,Yes,7.3,9.8,1,2,"? 4,760",6.71,"? 5,303,056",9.3
Sikkim,Gangtok,Upper Syari,Independent House,2335,"? 7,091",2,3,11,North,Unfurnished,No,14.1,1.5,4,2,"? 2,059",4.4,"? 16,557,485",8.8
Sikkim,Gangtok,Upper Syari,Independent House,1283,"? 4,902",2,3,8,East,Fully Furnished,No,3,10.5,5,3,"? 3,414",3.15,"? 6,289,266",8.5
Mizoram,Aizawl,Bawngkawn,Independent House,2088,"? 9,826",4,2,11,East,Fully Furnished,Yes,11.3,15.5,4,4,"? 4,897",5.93,"? 20,516,688",8.4
Mizoram,Aizawl,Durtlang,Independent House,1728,"? 9,885",1,3,15,West,Semi-Furnished,No,6.4,1.1,2,3,"? 7,296",4.04,"? 17,081,280",7.7
Mizoram,Aizawl,Zarkawt,Independent House,1717,"? 7,340",4,1,21,South,Fully Furnished,Yes,9.8,17.1,6,2,"? 3,769",2.52,"? 12,602,780",8.3
Mizoram,Aizawl,Durtlang,Independent House,2061,"? 5,623",1,3,13,North,Semi-Furnished,No,11.6,1.5,3,4,"? 7,603",4.17,"? 11,589,003",9.3
Mizoram,Aizawl,Bawngkawn,Independent House,1046,"? 10,873",1,3,7,West,Semi-Furnished,No,5.9,21.2,3,3,"? 2,440",2.76,"? 11,373,158",9.9
Mizoram,Aizawl,Durtlang,Independent House,1560,"? 8,017",2,2,15,West,Semi-Furnished,Yes,8.2,2,1,5,"? 3,280",4.63,"? 12,506,520",10
Mizoram,Aizawl,Bethlehem,Independent House,1630,"? 9,210",1,2,1,South,Semi-Furnished,No,2.6,14.8,2,3,"? 4,566",6.69,"? 15,012,300",8.1
Mizoram,Aizawl,Chanmari,Independent House,1729,"? 5,305",2,2,22,South,Fully Furnished,No,11.5,21.2,5,4,"? 2,285",3.64,"? 9,172,345",9
Arunachal Pradesh,Itanagar,Chimpu,Independent House,2442,"? 9,423",4,1,12,West,Unfurnished,No,10,8.8,6,5,"? 3,367",6.25,"? 23,010,966",8.3
Arunachal Pradesh,Itanagar,Chimpu,Independent House,1888,"? 4,789",4,2,22,West,Semi-Furnished,No,4.1,1.5,2,3,"? 5,702",5.23,"? 9,041,632",9.8
Arunachal Pradesh,Itanagar,Ganga Market,Independent House,2126,"? 9,115",3,1,2,North,Semi-Furnished,No,13.4,21.8,4,4,"? 2,830",4.07,"? 19,378,490",7.4
Arunachal Pradesh,Itanagar,Naharlagun,Independent House,2292,"? 10,175",1,2,16,South,Semi-Furnished,No,4.1,16.9,6,1,"? 4,652",2.25,"? 23,321,100",9.4
Arunachal Pradesh,Itanagar,Chimpu,Independent House,2499,"? 7,848",4,1,6,South,Semi-Furnished,Yes,11,16.6,6,3,"? 4,687",2.68,"? 19,612,152",9.1
Arunachal Pradesh,Itanagar,Lekhi,Independent House,2306,"? 9,072",3,1,13,North,Fully Furnished,No,6.7,18.3,6,3,"? 5,092",5.01,"? 20,920,032",8
Arunachal Pradesh,Itanagar,Ganga Market,Independent House,785,"? 5,642",1,2,10,North,Fully Furnished,Yes,17.8,8,6,2,"? 5,935",2.79,"? 4,428,970",9.5
Arunachal Pradesh,Itanagar,Borum,Independent House,1356,"? 4,911",3,1,10,East,Unfurnished,Yes,7.1,20.9,2,2,"? 4,655",4.47,"? 6,659,316",8.3
Arunachal Pradesh,Itanagar,Borum,Independent House,974,"? 10,115",1,2,1,East,Unfurnished,No,17.3,10,5,1,"? 2,244",5.06,"? 9,852,010",7.7
Arunachal Pradesh,Itanagar,Borum,Independent House,2515,"? 6,501",1,2,11,West,Fully Furnished,Yes,4.9,8.4,1,2,"? 2,352",3.28,"? 16,350,015",8.7
Arunachal Pradesh,Itanagar,Lekhi,Independent House,1974,"? 9,532",1,2,15,North,Unfurnished,No,16.6,18.2,6,2,"? 7,517",6.53,"? 18,816,168",8.5
Arunachal Pradesh,Itanagar,Lekhi,Independent House,2602,"? 7,235",3,2,4,North,Fully Furnished,Yes,5.3,9.1,5,5,"? 6,040",4.11,"? 18,825,470",8.5
Arunachal Pradesh,Itanagar,Chimpu,Independent House,1056,"? 5,583",2,1,13,West,Fully Furnished,Yes,16.8,14.1,4,2,"? 6,926",6.51,"? 5,895,648",8.7
Arunachal Pradesh,Itanagar,Chimpu,Independent House,913,"? 9,991",3,1,22,South,Semi-Furnished,Yes,10.9,15.9,1,1,"? 5,507",5.12,"? 9,121,783",9.8
Meghalaya,Shillong,Police Bazaar,Independent House,1793,"? 6,738",3,2,6,North,Semi-Furnished,No,1.1,21.7,7,5,"? 3,352",5.58,"? 12,081,234",8.1
Meghalaya,Shillong,Polo,Independent House,810,"? 6,998",4,1,20,West,Semi-Furnished,No,8,7.5,7,2,"? 3,497",5.14,"? 5,668,380",7.3
Meghalaya,Shillong,Nongthymmai,Independent House,1651,"? 9,626",2,3,11,North,Fully Furnished,Yes,17.1,6.2,4,2,"? 2,235",4.77,"? 15,892,526",8.4
Meghalaya,Shillong,Laitumkhrah,Independent House,2126,"? 8,020",3,2,15,West,Fully Furnished,No,4.2,3.9,3,5,"? 4,324",3.8,"? 17,050,520",9
Meghalaya,Shillong,Nongthymmai,Independent House,2761,"? 5,300",4,1,19,South,Unfurnished,Yes,15.4,1.3,2,2,"? 1,757",4.81,"? 14,633,300",7.9
Meghalaya,Shillong,Laitumkhrah,Independent House,1828,"? 5,408",4,3,23,West,Fully Furnished,Yes,12.3,11.2,2,4,"? 6,928",4.65,"? 9,885,824",8.7
Meghalaya,Shillong,Laitumkhrah,Independent House,1176,"? 6,358",1,2,14,West,Fully Furnished,Yes,4,7,4,1,"? 5,589",2.75,"? 7,477,008",9
Meghalaya,Shillong,Laitumkhrah,Independent House,1422,"? 10,572",2,3,18,West,Fully Furnished,Yes,1.4,19.7,5,5,"? 7,040",2.31,"? 15,033,384",9.9
Meghalaya,Shillong,Polo,Independent House,1278,"? 6,299",2,1,19,South,Semi-Furnished,Yes,13,22,7,3,"? 2,451",2.73,"? 8,050,122",8.3
Meghalaya,Shillong,Laitumkhrah,Independent House,711,"? 8,574",4,3,22,South,Semi-Furnished,No,0.9,21.2,2,1,"? 4,393",4.56,"? 6,096,114",9.7
Meghalaya,Shillong,Nongthymmai,Independent House,848,"? 4,755",3,2,0,East,Semi-Furnished,Yes,16.3,14,6,1,"? 6,236",5.32,"? 4,032,240",9.8
Meghalaya,Shillong,Police Bazaar,Independent House,2309,"? 8,152",2,3,20,East,Unfurnished,No,14.2,12.7,5,4,"? 6,298",4.86,"? 18,822,968",7.6
Meghalaya,Shillong,Police Bazaar,Independent House,2685,"? 10,082",1,3,21,East,Unfurnished,Yes,11.6,4.6,5,3,"? 4,776",3.47,"? 27,070,170",8.2
Meghalaya,Shillong,Police Bazaar,Independent House,2209,"? 10,096",4,3,19,North,Semi-Furnished,Yes,10.4,9.5,1,5,"? 7,433",5.1,"? 22,302,064",9.7
Puducherry (Union Territory),Puducherry,Muthialpet,Independent House,1815,"? 10,957",3,3,15,South,Semi-Furnished,No,9.1,11.8,7,4,"? 6,637",6.55,"? 19,886,955",7.5
Puducherry (Union Territory),Puducherry,Muthialpet,Independent House,1053,"? 5,674",1,3,2,South,Semi-Furnished,No,10.3,2.3,4,1,"? 7,067",5.6,"? 5,974,722",8.4
Puducherry (Union Territory),Puducherry,Lawspet,Independent House,1996,"? 5,279",1,2,22,West,Unfurnished,No,12.4,2.7,6,4,"? 6,008",3.23,"? 10,536,884",8
Puducherry (Union Territory),Puducherry,Reddiarpalayam,Independent House,1535,"? 6,532",2,2,18,South,Semi-Furnished,No,10.2,18.8,2,4,"? 6,996",5.54,"? 10,026,620",7.6
Puducherry (Union Territory),Puducherry,Reddiarpalayam,Independent House,1315,"? 8,297",2,2,7,West,Fully Furnished,Yes,8.8,19.6,1,4,"? 4,110",6.02,"? 10,910,555",8
Puducherry (Union Territory),Puducherry,Muthialpet,Independent House,856,"? 9,834",3,3,17,West,Fully Furnished,No,2,14.6,5,5,"? 3,355",4.33,"? 8,417,904",9
Puducherry (Union Territory),Puducherry,Reddiarpalayam,Independent House,1860,"? 6,763",4,2,21,West,Fully Furnished,Yes,15.6,13.2,7,2,"? 5,373",4.17,"? 12,579,180",9.1
Puducherry (Union Territory),Puducherry,Lawspet,Independent House,1139,"? 10,839",4,1,22,West,Semi-Furnished,Yes,8.1,6.5,1,2,"? 1,551",5.44,"? 12,345,621",7.5
Puducherry (Union Territory),Puducherry,Reddiarpalayam,Independent House,2775,"? 9,629",3,2,0,South,Fully Furnished,Yes,9.1,13.8,3,4,"? 5,531",2.63,"? 26,720,475",9.3
Puducherry (Union Territory),Puducherry,Muthialpet,Independent House,1240,"? 7,015",4,3,7,North,Unfurnished,No,8.1,11.7,7,3,"? 2,914",4.12,"? 8,698,600",7.2
Puducherry (Union Territory),Puducherry,Ariankuppam,Independent House,1250,"? 9,050",4,2,9,West,Unfurnished,No,10.3,1.8,4,3,"? 4,502",2.71,"? 11,312,500",9.7
Puducherry (Union Territory),Puducherry,Reddiarpalayam,Independent House,1246,"? 5,350",1,3,20,East,Unfurnished,Yes,0.6,2.6,3,1,"? 7,131",4.13,"? 6,666,100",8.8
Puducherry (Union Territory),Puducherry,White Town,Independent House,602,"? 9,023",1,1,4,East,Unfurnished,No,14.8,1.6,7,2,"? 5,710",6.59,"? 5,431,846",9.7
Dadra and Nagar Haveli and Daman and Diu (Union Territory),DNH & DD,Amli,Independent House,1060,"? 10,077",2,2,11,North,Semi-Furnished,Yes,17,12.7,6,2,"? 4,872",3.32,"? 10,681,620",9.9
Dadra and Nagar Haveli and Daman and Diu (Union Territory),DNH & DD,Khanvel,Independent House,2762,"? 5,857",3,2,19,South,Unfurnished,No,16.8,18.4,5,1,"? 5,365",3.67,"? 16,177,034",8.1
Dadra and Nagar Haveli and Daman and Diu (Union Territory),DNH & DD,Naroli,Independent House,1812,"? 6,697",1,1,5,South,Semi-Furnished,Yes,6.4,10.6,7,1,"? 2,772",2.7,"? 12,134,964",8.5
Dadra and Nagar Haveli and Daman and Diu (Union Territory),DNH & DD,Khanvel,Independent House,1741,"? 7,408",2,3,20,South,Unfurnished,No,16.3,16.8,1,4,"? 3,630",2.74,"? 12,897,328",7.4
Dadra and Nagar Haveli and Daman and Diu (Union Territory),DNH & DD,Naroli,Independent House,990,"? 8,658",1,2,9,North,Unfurnished,No,0.6,13.6,6,3,"? 4,479",4.21,"? 8,571,420",9.4
Dadra and Nagar Haveli and Daman and Diu (Union Territory),DNH & DD,Khanvel,Independent House,1405,"? 9,480",1,3,15,West,Unfurnished,Yes,1.9,17.4,6,5,"? 7,556",4.77,"? 13,319,400",7.9
Dadra and Nagar Haveli and Daman and Diu (Union Territory),DNH & DD,Vapi Road,Independent House,979,"? 6,015",4,1,17,South,Unfurnished,No,12.5,12.4,5,3,"? 6,715",3.39,"? 5,888,685",7.8
Dadra and Nagar Haveli and Daman and Diu (Union Territory),DNH & DD,Amli,Independent House,2083,"? 6,894",3,2,1,North,Fully Furnished,No,11.3,18.7,6,5,"? 1,756",5.17,"? 14,360,202",9.5
Dadra and Nagar Haveli and Daman and Diu (Union Territory),DNH & DD,Vapi Road,Independent House,1135,"? 8,599",3,2,6,South,Unfurnished,No,12,16.2,7,3,"? 5,438",2.22,"? 9,759,865",7.6
Ladakh (Union Territory),Ladakh,Leh Market,Independent House,2440,"? 7,781",3,3,8,South,Fully Furnished,No,11.8,13.9,1,3,"? 7,863",5.9,"? 18,985,640",9.4
Ladakh (Union Territory),Ladakh,Khaltsi,Independent House,768,"? 6,566",3,2,14,North,Semi-Furnished,No,15.8,16.5,7,3,"? 4,406",4.53,"? 5,042,688",7.4
Ladakh (Union Territory),Ladakh,Diskit,Independent House,611,"? 10,409",2,2,24,North,Fully Furnished,Yes,16.2,18.4,7,4,"? 2,467",6,"? 6,359,899",7.6
Ladakh (Union Territory),Ladakh,Leh Market,Independent House,1278,"? 10,805",2,3,22,North,Fully Furnished,No,0.5,5.9,2,3,"? 2,323",4.45,"? 13,808,790",9.4
Ladakh (Union Territory),Ladakh,Leh Market,Independent House,1021,"? 9,936",1,2,19,South,Fully Furnished,Yes,4,3.1,3,1,"? 2,062",4.05,"? 10,144,656",8.2
Ladakh (Union Territory),Ladakh,Leh Market,Independent House,749,"? 5,049",4,3,5,South,Fully Furnished,No,14.1,4.6,4,1,"? 6,091",5.45,"? 3,781,701",8.7
Ladakh (Union Territory),Ladakh,Khaltsi,Independent House,2581,"? 9,918",1,2,24,West,Semi-Furnished,Yes,10.7,14.3,1,2,"? 3,880",3.94,"? 25,598,358",9.4
Ladakh (Union Territory),Ladakh,Shey,Independent House,693,"? 5,104",3,2,12,South,Fully Furnished,No,16.7,10.2,1,1,"? 7,662",3.27,"? 3,537,072",8.7
Ladakh (Union Territory),Ladakh,Choglamsar,Independent House,1490,"? 5,617",3,1,14,West,Unfurnished,Yes,12.2,9.2,7,3,"? 4,663",3.91,"? 8,369,330",7.7
Ladakh (Union Territory),Ladakh,Diskit,Independent House,936,"? 10,340",2,3,0,North,Unfurnished,No,5.7,9.2,1,2,"? 7,750",4.25,"? 9,678,240",8.6
Ladakh (Union Territory),Ladakh,Shey,Independent House,1387,"? 6,404",4,1,17,South,Fully Furnished,No,7,21.5,6,1,"? 7,962",3.09,"? 8,882,348",7.7
Lakshadweep (Union Territory),Lakshadweep,Kavaratti,Independent House,1718,"? 6,871",2,3,24,South,Semi-Furnished,Yes,12.5,12.8,3,5,"? 2,388",2.53,"? 11,804,378",9.4
Lakshadweep (Union Territory),Lakshadweep,Andrott,Independent House,1200,"? 10,024",1,2,16,East,Unfurnished,No,10.7,9.5,1,2,"? 7,720",5.6,"? 12,028,800",8.4
Lakshadweep (Union Territory),Lakshadweep,Agatti,Independent House,1614,"? 7,210",4,2,0,West,Fully Furnished,No,13.1,19,7,5,"? 7,388",4.07,"? 11,636,940",8.9
Lakshadweep (Union Territory),Lakshadweep,Agatti,Independent House,1992,"? 6,157",1,2,20,East,Semi-Furnished,Yes,12.4,6.1,6,3,"? 4,610",2.36,"? 12,264,744",8.5
Lakshadweep (Union Territory),Lakshadweep,Andrott,Independent House,1679,"? 8,365",2,3,13,South,Unfurnished,Yes,15.2,6.7,3,1,"? 6,463",6.44,"? 14,044,835",7.3
Lakshadweep (Union Territory),Lakshadweep,Agatti,Independent House,1249,"? 6,123",2,2,3,North,Fully Furnished,No,3.9,11.3,6,2,"? 3,442",4.81,"? 7,647,627",9.7
Lakshadweep (Union Territory),Lakshadweep,Kavaratti,Independent House,1543,"? 5,933",3,2,6,South,Semi-Furnished,Yes,17.9,1.4,7,1,"? 6,454",4.4,"? 9,154,619",8.6
Lakshadweep (Union Territory),Lakshadweep,Agatti,Independent House,2549,"? 5,763",3,3,14,South,Fully Furnished,No,13.9,11,1,3,"? 2,426",4.22,"? 14,689,887",9.2
Lakshadweep (Union Territory),Lakshadweep,Minicoy,Independent House,1679,"? 5,819",2,2,20,North,Unfurnished,Yes,0.6,4.8,1,4,"? 4,506",2.26,"? 9,770,101",8
Lakshadweep (Union Territory),Lakshadweep,Kavaratti,Independent House,2768,"? 7,142",2,2,1,West,Semi-Furnished,No,11.4,2.7,1,4,"? 3,885",4.53,"? 19,769,056",9.3
Lakshadweep (Union Territory),Lakshadweep,Agatti,Independent House,1714,"? 4,827",1,1,3,North,Semi-Furnished,Yes,5.4,10,6,2,"? 2,752",5.31,"? 8,273,478",9.2
Uttarakhand,Dehradun,Rajpur Road,Apartment,1624,"? 7,378",2.8,3.2,25,East,Unfurnished,Yes,6.3,7.3,2,5,"? 3,523",2.9,"? 11,981,872",7.8
Uttarakhand,Dehradun,Vasant Vihar,Independent House,1482,"? 5,087",2.7,3,20,South,Semi-Furnished,No,4.4,14.7,3,1,"? 3,671",3.3,"? 7,538,934",8.2
Uttarakhand,Dehradun,Patel Nagar,Apartment,1201,"? 5,385",2.7,3.4,24,North,Semi-Furnished,Yes,5.8,6.9,6,3,"? 2,425",3.7,"? 6,467,385",7.8
Uttarakhand,Dehradun,Nehru Colony,Apartment,1453,"? 5,197",3.4,2.8,13,West,Fully Furnished,No,5.8,8.4,6,1,"? 4,542",3.5,"? 7,551,241",8.6
Uttarakhand,Dehradun,Chakrata Road,Villa,1688,"? 5,991",2.7,2.7,20,South,Fully Furnished,Yes,6.3,13,4,5,"? 4,650",3.7,"? 10,112,808",8.3
Uttarakhand,Dehradun,Dalanwala,Independent House,1659,"? 6,214",2.6,3.1,14,East,Unfurnished,No,6.7,7.2,6,3,"? 2,337",3,"? 10,309,026",8.1
Uttarakhand,Dehradun,Clement Town,Villa,1462,"? 6,152",2.6,2.3,14,East,Fully Furnished,No,5.6,8,5,5,"? 3,013",3.7,"? 8,994,224",8.2
Uttarakhand,Dehradun,Prem Nagar,Apartment,1789,"? 6,884",2.5,3,9,South,Fully Furnished,Yes,5.5,7.2,2,4,"? 4,011",3.6,"? 12,315,476",7.9
Uttarakhand,Dehradun,Jakhan,Independent House,1446,"? 7,056",3.4,2.6,17,East,Semi-Furnished,No,6.3,7.5,3,1,"? 3,406",2.9,"? 10,202,976",8.7
Uttarakhand,Dehradun,Ballupur,Independent House,1682,"? 7,544",3.1,3.6,11,South,Semi-Furnished,No,3.9,7.7,3,4,"? 3,105",3.7,"? 12,689,008",8.4
Jammu and Kashmir (Union Territory),Srinagar,Rajbagh,Apartment,1722,"? 5,444",2.3,2.4,11,East,Unfurnished,No,5.7,12.3,3,3,"? 2,834",3.1,"? 9,374,568",8.3
Jammu and Kashmir (Union Territory),Srinagar,Jawahar Nagar,Villa,1644,"? 6,177",2.9,3.4,10,East,Fully Furnished,Yes,3.9,6.9,6,2,"? 2,215",2.9,"? 10,154,988",7.4
Jammu and Kashmir (Union Territory),Srinagar,Bemina,Villa,1704,"? 6,430",3.3,2.7,17,West,Semi-Furnished,No,3.6,9.3,5,4,"? 2,660",4.1,"? 10,956,720",8.3
Jammu and Kashmir (Union Territory),Srinagar,Hyderpora,Villa,1617,"? 5,268",3,2.2,13,East,Unfurnished,Yes,3.7,14.5,5,2,"? 2,899",2.9,"? 8,518,356",7.8
Jammu and Kashmir (Union Territory),Srinagar,Batamaloo,Independent House,1684,"? 6,891",2.6,2.3,7,West,Unfurnished,No,4.1,9.5,5,5,"? 2,263",3.3,"? 11,604,444",8.4
Jammu and Kashmir (Union Territory),Srinagar,Nishat,Villa,1465,"? 7,788",2.3,3.1,22,East,Unfurnished,Yes,5.3,11,5,4,"? 4,405",3.8,"? 11,409,420",7.3
Jammu and Kashmir (Union Territory),Srinagar,Sanat Nagar,Apartment,1525,"? 5,529",3.2,2.2,19,North,Fully Furnished,No,5.6,9.6,2,1,"? 2,661",3.7,"? 8,431,725",8.2
Jammu and Kashmir (Union Territory),Srinagar,Peerbagh,Apartment,1655,"? 5,837",3.1,2,7,North,Unfurnished,No,3.6,9.9,4,2,"? 2,423",3.9,"? 9,660,235",7.3
Jammu and Kashmir (Union Territory),Srinagar,Rainawari,Independent House,1339,"? 6,395",3.4,2.5,24,South,Fully Furnished,No,5.6,11.3,6,5,"? 2,818",2.9,"? 8,562,905",7.6
Jammu and Kashmir (Union Territory),Srinagar,Hazratbal,Villa,1396,"? 6,360",3.5,2.3,11,North,Fully Furnished,No,3.5,11.8,5,4,"? 3,084",4.1,"? 8,878,560",7.5
Goa,Panaji,Altinho,Apartment,1339,"? 6,174",2.5,3.2,12,North,Semi-Furnished,Yes,6.3,6.6,3,3,"? 4,566",3.1,"? 8,266,986",8.7
Goa,Panaji,Miramar,Apartment,1489,"? 5,226",3.1,3.4,14,West,Unfurnished,Yes,6.2,10.3,6,2,"? 3,354",3.6,"? 7,781,514",8.5
Goa,Panaji,Campal,Independent House,1416,"? 5,165",3,2.9,18,South,Unfurnished,No,3.7,6.8,3,3,"? 4,300",3.1,"? 7,313,640",7.6
Goa,Panaji,Fontainhas,Apartment,1580,"? 7,534",2.3,3.5,15,East,Fully Furnished,No,7,11.9,6,5,"? 2,410",4.1,"? 11,903,720",8.4
Goa,Panaji,Caranzalem,Apartment,1513,"? 6,582",2.6,3.1,24,South,Unfurnished,Yes,4.1,8.6,4,5,"? 2,620",3.8,"? 9,958,566",8.5
Goa,Panaji,Santa Inez,Independent House,1272,"? 5,816",3.4,3.5,13,West,Fully Furnished,Yes,6.9,7.1,3,4,"? 3,443",3.8,"? 7,397,952",8.1
Goa,Panaji,Patto,Independent House,1582,"? 7,526",3.4,2,21,East,Semi-Furnished,Yes,6.3,7.1,4,5,"? 3,313",2.8,"? 11,906,132",7
Goa,Panaji,Dona Paula,Apartment,1393,"? 7,034",2.6,3.6,7,South,Unfurnished,Yes,4.4,7.2,2,1,"? 3,675",2.8,"? 9,798,362",8.5
Goa,Panaji,Taleigao,Apartment,1460,"? 4,836",2.9,2.6,21,East,Semi-Furnished,No,5.9,13.3,4,3,"? 4,607",4.1,"? 7,060,560",8
Goa,Panaji,Porvorim,Apartment,1505,"? 5,334",3.4,2.4,16,East,Semi-Furnished,No,5.8,9.3,4,1,"? 4,002",3.3,"? 8,027,670",8.7
Tripura,Agartala,Banamalipur,Independent House,1215,"? 7,679",2.4,2.5,20,North,Fully Furnished,No,4.5,7.6,4,3,"? 4,314",4,"? 9,329,985",8.6
Tripura,Agartala,Krishnanagar,Independent House,1774,"? 6,359",3.1,3.2,16,South,Fully Furnished,No,4.1,11.6,3,4,"? 4,065",3.1,"? 11,280,866",8.4
Tripura,Agartala,Arundhutinagar,Independent House,1421,"? 7,216",3.4,2.8,5,West,Unfurnished,Yes,3.8,12.1,6,4,"? 2,305",3.1,"? 10,253,936",8.3
Tripura,Agartala,Indranagar,Independent House,1538,"? 6,967",2.7,2.3,8,South,Fully Furnished,No,5,12.7,6,3,"? 3,471",3.9,"? 10,715,246",7.7
Tripura,Agartala,Bodhjungnagar,Apartment,1497,"? 5,120",2.8,2,6,East,Unfurnished,No,5.5,14.5,5,1,"? 2,610",4,"? 7,664,640",8
Tripura,Agartala,Jogendranagar,Apartment,1214,"? 5,317",3.5,3.6,12,East,Semi-Furnished,No,4.2,14.3,4,5,"? 3,208",4,"? 6,454,838",7.4
Tripura,Agartala,Pratapgarh,Independent House,1226,"? 6,944",2.6,3.1,20,South,Unfurnished,No,3.2,8.2,5,1,"? 3,100",3.2,"? 8,513,344",8.8
Tripura,Agartala,Usha Bazar,Independent House,1662,"? 5,828",2.6,2.4,16,North,Fully Furnished,No,6.3,13.7,2,4,"? 2,921",3.3,"? 9,686,136",7.2
Tripura,Agartala,Kunjaban,Independent House,1351,"? 6,668",2.4,2.5,10,West,Unfurnished,Yes,5.4,11.1,4,4,"? 2,786",3.4,"? 9,008,468",7.9
Tripura,Agartala,Narsingarh,Villa,1583,"? 6,981",2.4,3.4,24,North,Fully Furnished,No,6.2,8.4,2,2,"? 3,717",3.3,"? 11,050,923",6.9
Nagaland,Kohima,Denuopfü,Apartment,1260,"? 5,843",2.3,2.4,18,East,Unfurnished,No,4.6,13.2,5,3,"? 3,874",4.1,"? 7,362,180",8.7
Nagaland,Kohima,P.R. Hill,Apartment,1577,"? 5,646",3.1,2.8,12,West,Unfurnished,Yes,7,13.8,6,2,"? 4,355",3.2,"? 8,903,742",8.3
Nagaland,Kohima,TCP Gate,Apartment,1595,"? 5,682",2.3,3.4,25,East,Unfurnished,No,5.4,8.1,2,1,"? 3,564",3.7,"? 9,062,790",7.2
Nagaland,Kohima,High School Area,Independent House,1503,"? 6,905",3.5,3.5,20,West,Fully Furnished,Yes,6.8,14.4,6,3,"? 4,437",3.1,"? 10,378,215",8
Nagaland,Kohima,Lerie,Independent House,1651,"? 7,924",2.6,3.1,25,South,Fully Furnished,No,3.3,6.6,4,1,"? 2,868",4.2,"? 13,082,524",8.2
Nagaland,Kohima,Merhülietsa,Apartment,1415,"? 6,640",2.5,3,8,South,Unfurnished,No,6,8.1,6,3,"? 4,395",3.4,"? 9,395,600",8.5
Nagaland,Kohima,New Secretariat,Independent House,1285,"? 5,881",2.8,3.3,23,East,Unfurnished,Yes,4.8,6.9,4,2,"? 2,319",3.6,"? 7,557,085",7.8
Nagaland,Kohima,Nhulunlie,Apartment,1726,"? 7,287",3.4,2.9,24,North,Semi-Furnished,Yes,5.7,10.2,4,3,"? 2,268",4.1,"? 12,577,362",7.2
Nagaland,Kohima,Upper Bayavu,Independent House,1251,"? 6,703",2.5,2.5,22,North,Semi-Furnished,No,6.3,8.7,5,5,"? 3,354",3.9,"? 8,385,453",8.7
Nagaland,Kohima,Lower Chandmari,Villa,1231,"? 6,332",2.7,3.5,10,South,Fully Furnished,No,4.3,6,6,1,"? 2,697",3.2,"? 7,794,692",7.7
Manipur,Imphal,Lamphel,Apartment,1381,"? 7,591",2.4,2.4,9,East,Unfurnished,Yes,5.4,14.3,6,2,"? 3,383",3.5,"? 10,483,171",6.8
Manipur,Imphal,Thangmeiband,Independent House,1244,"? 6,094",3.2,3.3,18,West,Semi-Furnished,Yes,6.1,13.2,5,3,"? 4,381",4.1,"? 7,580,936",7
Manipur,Imphal,Singjamei,Independent House,1304,"? 7,628",2.2,3.1,21,West,Fully Furnished,Yes,3.8,12.6,3,1,"? 2,852",4.2,"? 9,946,912",8.1
Manipur,Imphal,Kakwa,Apartment,1399,"? 7,716",3.2,2.1,16,South,Fully Furnished,Yes,5.4,7.6,3,2,"? 4,110",4,"? 10,794,684",8.4
Manipur,Imphal,Porompat,Villa,1764,"? 6,765",3.5,3.5,16,East,Fully Furnished,No,3.1,10.8,6,5,"? 4,694",3.1,"? 11,933,460",7
Manipur,Imphal,Langol,Independent House,1418,"? 7,375",3.1,3.5,20,South,Semi-Furnished,No,5.2,12.7,2,1,"? 4,256",3.4,"? 10,457,750",7.7
Manipur,Imphal,Chingmeirong,Apartment,1532,"? 6,720",3.4,3.1,11,East,Fully Furnished,No,5,14.8,5,2,"? 3,778",3.3,"? 10,295,040",7
Manipur,Imphal,Uripok,Villa,1372,"? 5,148",3.4,2.3,10,North,Unfurnished,No,6.1,8.4,2,1,"? 3,075",3.3,"? 7,063,056",7
Manipur,Imphal,Moirangkhom,Apartment,1435,"? 6,050",3.1,2.1,22,West,Unfurnished,No,3.2,6.8,4,2,"? 2,424",3.2,"? 8,681,750",7
Manipur,Imphal,Kshetrigao,Villa,1435,"? 5,512",2.8,2.3,14,South,Fully Furnished,No,6.4,6.3,5,2,"? 2,794",3.9,"? 7,909,720",8.8
Bihar,Patna,Boring Road,Independent House,2038,"? 6,565",2,2,14,West,Semi-Furnished,No,3.8,11.7,2,3,"? 6,165",4.9,"? 13,379,470",10
Bihar,Patna,Bailey Road,Independent House,2043,"? 8,631",1,3,7,East,Fully Furnished,Yes,0.9,0.7,2,4,"? 7,842",4.08,"? 17,633,133",10
Bihar,Patna,Rajendra Nagar,Independent House,698,"? 7,201",2,3,10,South,Semi-Furnished,No,3.5,4.5,5,2,"? 5,399",3.67,"? 5,026,298",10
Bihar,Patna,Kankarbagh,Independent House,2189,"? 8,996",2,1,8,South,Unfurnished,Yes,6,0.9,1,1,"? 6,846",3.77,"? 19,692,244",10
Bihar,Patna,Patliputra Colony,Independent House,2855,"? 7,675",4,2,0,South,Fully Furnished,Yes,1.9,6.7,3,2,"? 7,276",3.03,"? 21,912,125",10
Bihar,Patna,Ashiana Nagar,Independent House,2559,"? 5,639",3,1,19,East,Semi-Furnished,No,1.8,8.6,3,2,"? 5,616",5.21,"? 14,430,201",10
Bihar,Patna,Fraser Road,Independent House,2799,"? 5,037",1,3,15,East,Fully Furnished,Yes,4.5,7.7,1,3,"? 2,019",4.93,"? 14,098,563",10
Bihar,Patna,Gardanibagh,Independent House,2096,"? 8,995",4,1,19,West,Unfurnished,No,4.5,12,6,4,"? 7,155",3.56,"? 18,853,520",10
Bihar,Patna,Kurji,Independent House,3157,"? 8,347",3,3,1,East,Semi-Furnished,No,5.3,9.7,3,4,"? 2,192",3.91,"? 26,351,479",7.5
Bihar,Patna,Phulwari Sharif,Independent House,3411,"? 7,065",4,3,18,West,Fully Furnished,No,6.9,9.8,7,4,"? 6,569",2.75,"? 24,098,715",9.9
Bihar,Patna,Lohia Nagar,Independent House,1616,"? 9,221",2,2,18,West,Unfurnished,Yes,5.9,0.9,2,2,"? 4,556",5.92,"? 14,901,136",10
Bihar,Patna,Sri Krishna Puri,Independent House,722,"? 9,393",4,1,13,West,Fully Furnished,Yes,5.1,9.9,1,5,"? 5,053",5.16,"? 6,781,746",10
Bihar,Patna,Danapur,Independent House,1259,"? 7,944",4,1,2,South,Fully Furnished,Yes,5.9,8.9,7,3,"? 7,306",2.9,"? 10,001,496",10
Bihar,Patna,Khagaul,Independent House,3157,"? 8,347",3,3,1,East,Semi-Furnished,No,2.9,9.7,3,4,"? 2,192",3.91,"? 26,351,479",7.5
Bihar,Patna,Anisabad,Independent House,3377,"? 5,545",2,1,7,East,Unfurnished,Yes,3.2,1.7,6,5,"? 7,722",4.16,"? 18,725,465",10
Odisha,Bhubaneswar,Jayadev Vihar,Independent House,2333,"? 7,936",4,3,2,East,Fully Furnished,Yes,,8.9,1,2,"? 4,494",3.09,"? 18,514,688",9.2
Odisha,Bhubaneswar,Saheed Nagar,Independent House,1366,"? 9,048",4,1,12,West,Fully Furnished,Yes,,8.5,1,1,"? 6,333",2.04,"? 12,359,568",8.6
Odisha,Bhubaneswar,Patia,Independent House,2096,"? 8,995",4,1,19,West,Unfurnished,No,,12,6,4,"? 7,155",3.56,"? 18,853,520",10
Odisha,Bhubaneswar,Nayapalli,Independent House,1927,"? 6,186",3,1,4,West,Unfurnished,No,,1.9,5,4,"? 3,309",3.52,"? 11,920,422",10
Odisha,Bhubaneswar,Chandrasekharpur,Independent House,2791,"? 7,620",4,3,13,East,Semi-Furnished,Yes,,2.1,5,3,"? 2,386",2.35,"? 21,267,420",6.6
Odisha,Bhubaneswar,Khandagiri,Independent House,2231,"? 8,277",4,1,18,East,Unfurnished,Yes,,1.5,4,5,"? 2,417",2.53,"? 18,465,987",7.5
Odisha,Bhubaneswar,Rasulgarh,Independent House,2387,"? 9,942",1,2,7,West,Fully Furnished,No,,10.4,1,3,"? 5,098",2.37,"? 23,731,554",10
Odisha,Bhubaneswar,Unit 4,Independent House,2569,"? 7,894",2,1,14,North,Unfurnished,Yes,,3.9,5,2,"? 7,006",5.68,"? 20,279,686",10
Odisha,Bhubaneswar,Gajapati Nagar,Independent House,2649,"? 7,401",1,2,8,South,Fully Furnished,No,,3.1,6,5,"? 2,291",6.39,"? 19,605,249",8.7
Odisha,Bhubaneswar,Baramunda,Independent House,1366,"? 9,048",4,1,12,West,Fully Furnished,Yes,,8.5,1,1,"? 6,333",2.04,"? 12,359,568",8.6
Odisha,Bhubaneswar,Siripur,Independent House,2263,"? 4,690",3,3,3,North,Semi-Furnished,Yes,,11.1,4,4,"? 7,946",5.61,"? 10,613,470",10
Odisha,Bhubaneswar,Acharya Vihar,Independent House,1891,"? 8,993",3,2,8,West,Unfurnished,Yes,,3.9,1,5,"? 3,853",4.62,"? 17,005,763",10
Odisha,Bhubaneswar,Laxmi Sagar,Independent House,1753,"? 5,454",2,2,16,South,Fully Furnished,No,,7.4,2,2,"? 1,528",5.87,"? 9,560,862",10
Odisha,Bhubaneswar,Old Town,Independent House,2901,"? 7,509",2,3,5,West,Semi-Furnished,Yes,,1.4,5,2,"? 6,890",2.82,"? 21,783,609",10
Odisha,Bhubaneswar,Vani Vihar,Independent House,1454,"? 9,235",2,2,14,East,Semi-Furnished,Yes,,3.5,3,1,"? 6,543",4.16,"? 13,427,690",10
Jharkhand,Ranchi,Lalpur,Independent House,1241,"? 9,754",1,1,13,North,Semi-Furnished,Yes,,8.9,1,4,"? 5,247",2.05,"? 12,104,714",8.5
Jharkhand,Ranchi,Harmu,Independent House,2333,"? 7,936",4,3,2,East,Fully Furnished,Yes,,8.9,1,2,"? 4,494",3.09,"? 18,514,688",9.2
Jharkhand,Ranchi,Doranda,Independent House,1435,"? 7,854",4,3,14,East,Semi-Furnished,Yes,,5.5,6,5,"? 7,602",4.24,"? 11,270,490",10
Jharkhand,Ranchi,Morabadi,Independent House,2134,"? 8,776",2,1,16,West,Unfurnished,Yes,,6.1,2,5,"? 5,278",6.21,"? 18,727,984",10
Jharkhand,Ranchi,Kanke,Independent House,2791,"? 6,395",4,3,7,North,Unfurnished,Yes,,10.2,2,5,"? 4,733",2.27,"? 17,848,445",10
Jharkhand,Ranchi,Hatia,Independent House,2295,"? 6,193",3,2,16,South,Unfurnished,Yes,,1.4,5,2,"? 5,499",2.47,"? 14,212,935",10
Jharkhand,Ranchi,Bariatu,Independent House,2656,"? 5,909",2,1,12,North,Fully Furnished,No,,8.8,7,1,"? 3,107",4.24,"? 15,694,304",9.7
Jharkhand,Ranchi,Upper Bazar,Independent House,2453,"? 8,291",4,1,9,West,Semi-Furnished,Yes,,5,7,1,"? 1,521",3.94,"? 20,337,823",10
Jharkhand,Ranchi,Argora,Independent House,601,"? 6,027",2,2,16,West,Fully Furnished,No,,11.3,5,2,"? 6,311",4.05,"? 3,622,227",10
Jharkhand,Ranchi,Namkum,Independent House,2649,"? 7,401",1,2,8,South,Fully Furnished,No,,3.1,6,5,"? 2,291",6.39,"? 19,605,249",8.7
Jharkhand,Ranchi,Booty More,Independent House,2334,"? 7,670",3,3,11,South,Fully Furnished,Yes,,11.9,7,5,"? 4,953",4.44,"? 17,901,780",10
Jharkhand,Ranchi,Hehal,Independent House,2993,"? 7,233",1,1,16,East,Fully Furnished,Yes,,4.2,1,2,"? 3,480",3.11,"? 21,648,369",10
Jharkhand,Ranchi,Ratu Road,Independent House,1263,"? 9,473",3,1,17,West,Unfurnished,No,,2.4,6,1,"? 7,835",5.58,"? 11,964,399",10
Jharkhand,Ranchi,Lower Bazar,Independent House,786,"? 6,705",3,1,12,East,Unfurnished,Yes,,2.6,3,5,"? 2,598",4.55,"? 5,270,130",10
Jharkhand,Ranchi,Ashok Nagar,Independent House,2263,"? 4,690",3,3,3,North,Semi-Furnished,Yes,,11.1,4,4,"? 7,946",5.61,"? 10,613,470",10
Chhattisgarh,Raipur,Civil Lines,Independent House,2443,"? 5,199",1,2,16,West,Fully Furnished,Yes,,11.4,4,1,"? 5,011",5.19,"? 12,701,157",10
Chhattisgarh,Raipur,Shankar Nagar,Independent House,3377,"? 5,545",2,1,7,East,Unfurnished,Yes,,1.7,6,5,"? 7,722",4.16,"? 18,725,465",10
Chhattisgarh,Raipur,Pandri,Independent House,1969,"? 7,920",2,2,9,West,Unfurnished,Yes,,10.3,6,3,"? 5,030",5.18,"? 15,594,480",10
Chhattisgarh,Raipur,Samta Colony,Independent House,1754,"? 8,841",1,1,5,North,Fully Furnished,No,,9.6,4,4,"? 5,176",6.48,"? 15,507,114",10
Chhattisgarh,Raipur,Devendra Nagar,Independent House,1088,"? 9,588",4,2,12,South,Unfurnished,Yes,,1,4,5,"? 2,488",5.92,"? 10,431,744",10
Chhattisgarh,Raipur,Mowa,Independent House,3050,"? 6,827",1,1,4,North,Semi-Furnished,Yes,,8.5,3,3,"? 4,593",4.86,"? 20,822,350",10
Chhattisgarh,Raipur,Amlidih,Independent House,1298,"? 9,411",2,1,13,North,Unfurnished,Yes,,6,7,3,"? 2,186",5.59,"? 12,215,478",8.9
Chhattisgarh,Raipur,Tatibandh,Independent House,1454,"? 9,235",2,2,14,East,Semi-Furnished,Yes,,3.5,3,1,"? 6,543",4.16,"? 13,427,690",10
Chhattisgarh,Raipur,Rajendra Nagar,Independent House,2282,"? 8,557",4,1,5,East,Fully Furnished,Yes,,1.3,1,1,"? 6,679",4.5,"? 19,527,074",10
Chhattisgarh,Raipur,Tikrapara,Independent House,1263,"? 9,473",3,1,17,West,Unfurnished,No,,2.4,6,1,"? 7,835",5.58,"? 11,964,399",10
Chhattisgarh,Raipur,Fafadih,Independent House,2586,"? 4,801",4,3,6,South,Unfurnished,Yes,,3.4,5,1,"? 7,158",2.14,"? 12,415,386",10
Chhattisgarh,Raipur,Kota,Independent House,3111,"? 7,024",3,3,17,West,Unfurnished,No,,6.7,4,5,"? 3,323",5.1,"? 21,851,664",10
Chhattisgarh,Raipur,Bhatagaon,Independent House,2555,"? 5,560",4,1,14,East,Unfurnished,Yes,,8.1,6,1,"? 4,655",2.47,"? 14,205,800",8.1
Chhattisgarh,Raipur,Daldal Seoni,Independent House,1088,"? 9,588",4,2,12,South,Unfurnished,Yes,,1,4,5,"? 2,488",5.92,"? 10,431,744",10
Chhattisgarh,Raipur,Saraswati Nagar,Independent House,2248,"? 7,450",3,3,18,South,Fully Furnished,Yes,,10.5,2,4,"? 7,631",3.16,"? 16,747,600",9.3
Assam,Dispur,Ganeshguri,Independent House,3050,"? 6,827",1,1,4,North,Semi-Furnished,Yes,,8.5,3,3,"? 4,593",4.86,"? 20,822,350",10
Assam,Dispur,Ulubari,Independent House,2799,"? 5,037",1,3,15,East,Fully Furnished,Yes,,7.7,1,3,"? 2,019",4.93,"? 14,098,563",10
Assam,Dispur,Hatigaon,Independent House,2231,"? 8,277",4,1,18,East,Unfurnished,Yes,,1.5,4,5,"? 2,417",2.53,"? 18,465,987",7.5
Assam,Dispur,GS Road,Independent House,2234,"? 6,316",3,2,1,North,Unfurnished,No,,11.4,3,2,"? 5,463",4.37,"? 14,109,944",10
Assam,Dispur,Zoo Road,Independent House,2236,"? 5,800",1,2,11,North,Semi-Furnished,No,,7,7,1,"? 6,299",3.21,"? 12,968,800",8.9
Assam,Dispur,Beltola,Independent House,2261,"? 9,055",4,3,15,West,Fully Furnished,Yes,,6.2,6,3,"? 6,626",5.13,"? 20,473,355",10
Assam,Dispur,Chandmari,Independent House,1227,"? 6,955",3,2,8,West,Semi-Furnished,Yes,,3.2,2,1,"? 7,305",2.32,"? 8,533,785",10
Assam,Dispur,Six Mile,Independent House,698,"? 7,201",2,3,10,South,Semi-Furnished,No,,4.5,5,2,"? 5,399",3.67,"? 5,026,298",10
Assam,Dispur,Christian Basti,Independent House,2231,"? 8,277",4,1,18,East,Unfurnished,Yes,,1.5,4,5,"? 2,417",2.53,"? 18,465,987",7.5
Assam,Dispur,Bhangagarh,Independent House,2236,"? 5,800",1,2,11,North,Semi-Furnished,No,,7,7,1,"? 6,299",3.21,"? 12,968,800",8.9
Assam,Dispur,Kahilipara,Independent House,2231,"? 8,277",4,1,18,East,Unfurnished,Yes,,1.5,4,5,"? 2,417",2.53,"? 18,465,987",7.5
Assam,Dispur,Rajgarh,Independent House,703,"? 8,615",1,1,3,North,Semi-Furnished,Yes,,6.6,1,5,"? 2,459",5.27,"? 6,056,345",10
Assam,Dispur,Survey,Independent House,2453,"? 8,291",4,1,9,West,Semi-Furnished,Yes,,5,7,1,"? 1,521",3.94,"? 20,337,823",10
Assam,Dispur,Narengi,Independent House,1163,"? 4,660",2,2,4,East,Unfurnished,Yes,,8.8,6,4,"? 7,853",2.29,"? 5,419,580",10
Assam,Dispur,Lachit Nagar,Independent House,2701,"? 6,341",4,1,3,South,Semi-Furnished,No,,10.7,5,3,"? 2,090",2.9,"? 17,127,041",10
Himachal Pradesh,Shimla,Chotta Shimla,Independent House,601,"? 6,027",2,2,16,West,Fully Furnished,No,,11.3,5,2,"? 6,311",4.05,"? 3,622,227",10
Himachal Pradesh,Shimla,Sanjauli,Independent House,2855,"? 7,675",4,2,0,South,Fully Furnished,Yes,,6.7,3,2,"? 7,276",3.03,"? 21,912,125",10
Himachal Pradesh,Shimla,Kasumpti,Independent House,2791,"? 6,395",4,3,7,North,Unfurnished,Yes,,10.2,2,5,"? 4,733",2.27,"? 17,848,445",10
Himachal Pradesh,Shimla,Bharari,Independent House,1298,"? 9,411",2,1,13,North,Unfurnished,Yes,,6,7,3,"? 2,186",5.59,"? 12,215,478",8.9
Himachal Pradesh,Shimla,Panthaghati,Independent House,2334,"? 7,670",3,3,11,South,Fully Furnished,Yes,,11.9,7,5,"? 4,953",4.44,"? 17,901,780",10
Himachal Pradesh,Shimla,Summer Hill,Independent House,2333,"? 7,936",4,3,2,East,Fully Furnished,Yes,,8.9,1,2,"? 4,494",3.09,"? 18,514,688",9.2
Himachal Pradesh,Shimla,New Shimla,Independent House,2530,"? 9,142",2,3,2,North,Fully Furnished,No,,1.6,3,3,"? 1,538",3.58,"? 23,129,260",10
Himachal Pradesh,Shimla,Dhalli,Independent House,2189,"? 8,996",2,1,8,South,Unfurnished,Yes,,0.9,1,1,"? 6,846",3.77,"? 19,692,244",10
Himachal Pradesh,Shimla,Totu,Independent House,1240,"? 7,475",3,3,8,East,Unfurnished,Yes,,11,6,5,"? 5,679",2.36,"? 9,269,000",8.9
Himachal Pradesh,Shimla,Jutogh,Independent House,1480,"? 8,514",2,1,9,South,Unfurnished,Yes,,7.4,3,5,"? 2,292",2.99,"? 12,600,720",7.4
Himachal Pradesh,Shimla,Tara Devi,Independent House,2800,"? 5,471",4,1,3,West,Semi-Furnished,No,,9.3,5,4,"? 5,973",6.44,"? 15,318,800",10
Himachal Pradesh,Shimla,Mashobra,Independent House,2800,"? 5,471",4,1,3,West,Semi-Furnished,No,,9.3,5,4,"? 5,973",6.44,"? 15,318,800",10
Himachal Pradesh,Shimla,Kufri,Independent House,2798,"? 4,627",1,2,3,South,Semi-Furnished,Yes,,11.1,6,1,"? 7,126",4.04,"? 12,946,346",7.7
Himachal Pradesh,Shimla,Naldehra,Independent House,3411,"? 7,065",4,3,18,West,Fully Furnished,No,,9.8,7,4,"? 6,569",2.75,"? 24,098,715",9.9
Himachal Pradesh,Shimla,Baldeyan,Independent House,2867,"? 5,718",2,3,12,East,Fully Furnished,No,,3,6,2,"? 2,262",2.33,"? 16,393,506",10
Maharashtra,Mumbai,Andheri West,Apartment,1250,"? 16,264",2,2,3,East,Semi-Furnished,Yes,3,5.7,8,5,"? 5,281",3.2,"? 20,330,000",9
Maharashtra,Mumbai,Bandra East,Apartment,1098,"? 12,464",2,2,5,South,Furnished,Yes,2.2,9.1,9,7,"? 4,175",3.3,"? 13,685,472",7
Maharashtra,Mumbai,Powai,Apartment,993,"? 12,065",2,2,5,South,Semi-Furnished,Yes,1.5,8.8,6,6,"? 1,999",3.5,"? 11,980,545",8
Maharashtra,Mumbai,Chembur,Apartment,879,"? 13,956",2,2,10,South,Furnished,Yes,0.8,4.1,9,5,"? 4,525",3.3,"? 12,267,324",10
Maharashtra,Mumbai,Goregaon East,Apartment,1106,"? 8,186",2,2,3,South,Furnished,Yes,1.9,2.2,5,5,"? 3,118",3.7,"? 9,053,716",9
Maharashtra,Mumbai,Malad West,Apartment,1242,"? 11,271",3,3,8,North,Semi-Furnished,Yes,1.9,11.8,9,5,"? 3,220",3.6,"? 13,998,582",10
Maharashtra,Mumbai,Borivali East,Apartment,1451,"? 21,822",3,3,10,West,Furnished,Yes,1.1,1.7,7,4,"? 2,882",3.3,"? 31,663,722",8
Maharashtra,Mumbai,Dadar,Apartment,895,"? 7,888",2,2,4,West,Furnished,Yes,3.4,1.6,5,4,"? 1,893",2.9,"? 7,059,760",10
Maharashtra,Mumbai,Kurla,Apartment,946,"? 14,217",2,2,10,North,Furnished,Yes,3,7.9,9,7,"? 5,180",2.9,"? 13,449,282",10
Maharashtra,Mumbai,Lower Parel,Apartment,1419,"? 6,864",3,3,9,East,Semi-Furnished,Yes,3.3,1.6,6,7,"? 4,768",3.2,"? 9,740,016",9
Delhi (National Capital Territory),New Delhi,Saket,Apartment,1170,"? 7,080",2,2,10,West,Unfurnished,Yes,1.5,3.8,9,5,"? 4,999",3.4,"? 8,283,600",10
Delhi (National Capital Territory),New Delhi,Dwarka Sector 21,Apartment,1305,"? 12,271",2,2,10,West,Furnished,Yes,2.9,11.8,6,7,"? 4,683",4,"? 16,013,655",10
Delhi (National Capital Territory),New Delhi,Rohini Sector 18,Apartment,906,"? 12,366",2,2,6,West,Unfurnished,Yes,1.9,8.6,8,6,"? 3,340",3.1,"? 11,203,596",7
Delhi (National Capital Territory),New Delhi,Vasant Kunj,Apartment,1131,"? 9,844",3,3,8,North,Furnished,Yes,2.6,10.6,6,7,"? 3,703",3.8,"? 11,133,564",10
Delhi (National Capital Territory),New Delhi,Lajpat Nagar,Apartment,963,"? 19,058",2,2,5,South,Unfurnished,Yes,2.5,3.5,8,4,"? 1,572",3.8,"? 18,352,854",10
Delhi (National Capital Territory),New Delhi,Karol Bagh,Apartment,1021,"? 19,151",3,3,9,West,Unfurnished,Yes,2.4,5.9,8,7,"? 3,012",2.9,"? 19,553,171",9
Delhi (National Capital Territory),New Delhi,Janakpuri,Apartment,1151,"? 13,073",2,2,8,East,Furnished,Yes,1.9,10.4,6,5,"? 3,391",3,"? 15,047,023",9
Delhi (National Capital Territory),New Delhi,Pitampura,Apartment,1066,"? 19,110",3,3,6,North,Unfurnished,Yes,3.3,7,6,4,"? 4,040",3.8,"? 20,371,260",10
Delhi (National Capital Territory),New Delhi,Mayur Vihar,Apartment,889,"? 5,165",2,2,7,West,Furnished,Yes,3.2,5.9,9,4,"? 5,889",3.7,"? 4,591,685",8
Delhi (National Capital Territory),New Delhi,Paschim Vihar,Apartment,1289,"? 10,560",3,3,3,West,Unfurnished,Yes,3.5,3.2,7,5,"? 4,445",2.8,"? 13,611,840",9
Karnataka,Bengaluru,Whitefield,Apartment,1048,"? 14,047",3,3,3,North,Semi-Furnished,Yes,1.8,11.1,8,4,"? 5,034",3.7,"? 14,721,256",10
Karnataka,Bengaluru,Electronic City,Apartment,1062,"? 19,197",3,3,10,South,Unfurnished,Yes,2.1,10.9,6,5,"? 5,743",3.9,"? 20,387,214",7
Karnataka,Bengaluru,Indiranagar,Apartment,1255,"? 6,625",2,2,4,South,Unfurnished,Yes,0.6,4.2,8,4,"? 3,547",3.6,"? 8,314,375",8
Karnataka,Bengaluru,BTM Layout,Apartment,1333,"? 9,605",3,3,8,South,Furnished,Yes,2.2,9,9,5,"? 5,016",3.9,"? 12,803,465",10
Karnataka,Bengaluru,Yelahanka,Apartment,1109,"? 13,548",3,3,8,North,Semi-Furnished,Yes,3,11.6,8,4,"? 1,692",3,"? 15,024,732",8
Karnataka,Bengaluru,Marathahalli,Apartment,1329,"? 14,848",3,3,10,North,Furnished,Yes,2.6,3.3,5,4,"? 3,370",3.5,"? 19,732,992",7
Karnataka,Bengaluru,HSR Layout,Apartment,1426,"? 17,336",3,3,8,West,Semi-Furnished,Yes,2.3,6.3,7,4,"? 3,973",2.9,"? 24,721,136",9
Karnataka,Bengaluru,Koramangala,Apartment,1336,"? 12,435",2,2,7,South,Semi-Furnished,Yes,1.4,1.7,9,6,"? 1,613",3.7,"? 16,613,160",8
Karnataka,Bengaluru,Jayanagar,Apartment,1111,"? 19,712",2,2,10,East,Furnished,Yes,0.6,1.7,9,4,"? 2,779",3.6,"? 21,900,032",10
Karnataka,Bengaluru,Rajajinagar,Apartment,1035,"? 17,801",3,3,8,West,Unfurnished,Yes,2.7,10.1,5,6,"? 5,279",3.1,"? 18,424,035",7
Haryana,Gurugram,Sector 56,Apartment,1114,"? 10,334",2,2,4,East,Furnished,Yes,1,7.8,8,4,"? 4,454",2.8,"? 11,512,076",8
Haryana,Gurugram,Sohna Road,Apartment,1397,"? 6,524",3,3,9,South,Furnished,Yes,2.3,9.5,7,7,"? 2,040",3.3,"? 9,114,028",10
Haryana,Gurugram,DLF Phase 3,Apartment,1019,"? 21,651",3,3,9,North,Semi-Furnished,Yes,0.9,1.4,7,6,"? 5,252",3.1,"? 22,062,369",9
Haryana,Gurugram,Sector 23,Apartment,1000,"? 19,989",3,3,9,North,Unfurnished,Yes,3.4,10.1,9,5,"? 1,867",3,"? 19,989,000",9
Haryana,Gurugram,Golf Course Road,Apartment,1319,"? 19,919",3,3,4,East,Unfurnished,Yes,3.4,10.3,8,7,"? 3,310",2.9,"? 26,273,161",9
Haryana,Gurugram,Sector 14,Apartment,875,"? 20,387",2,2,6,West,Unfurnished,Yes,2.3,5.6,5,5,"? 3,689",3.7,"? 17,838,625",7
Haryana,Gurugram,Sector 45,Apartment,1105,"? 10,357",2,2,8,South,Furnished,Yes,2.5,1.9,7,6,"? 2,599",3.6,"? 11,444,485",9
Haryana,Gurugram,Palam Vihar,Apartment,1434,"? 20,377",2,2,8,South,Semi-Furnished,Yes,2.8,9.2,8,5,"? 3,120",4,"? 29,220,618",7
Haryana,Gurugram,Udyog Vihar,Apartment,1005,"? 16,290",2,2,7,East,Furnished,Yes,1.1,6.5,7,7,"? 1,625",3.4,"? 16,371,450",7
Haryana,Gurugram,Sector 31,Apartment,1350,"? 20,488",3,3,10,South,Semi-Furnished,Yes,0.9,4.3,5,4,"? 5,434",3.6,"? 27,658,800",8
Uttar Pradesh,Lucknow,Gomti Nagar,Apartment,1348,"? 10,232",2,2,4,West,Furnished,Yes,0.7,10.4,7,7,"? 4,931",3.8,"? 13,792,736",9
Uttar Pradesh,Lucknow,Aliganj,Apartment,1121,"? 6,173",2,2,3,North,Semi-Furnished,Yes,3.4,10.4,7,4,"? 3,371",3,"? 6,919,933",9
Uttar Pradesh,Lucknow,Indira Nagar,Apartment,1294,"? 21,753",3,3,7,North,Semi-Furnished,Yes,1.2,10.2,6,5,"? 2,675",3.2,"? 28,148,382",8
Uttar Pradesh,Lucknow,Hazratganj,Apartment,1011,"? 19,570",3,3,7,South,Semi-Furnished,Yes,1.2,8.5,9,5,"? 5,151",3.4,"? 19,785,270",7
Uttar Pradesh,Lucknow,Jankipuram,Apartment,1313,"? 13,837",2,2,10,West,Furnished,Yes,2.9,6.6,7,6,"? 5,524",3,"? 18,167,981",9
Uttar Pradesh,Lucknow,Mahanagar,Apartment,989,"? 20,107",2,2,8,South,Semi-Furnished,Yes,1.7,1.9,5,5,"? 5,763",3.9,"? 19,885,823",9
Uttar Pradesh,Lucknow,Rajajipuram,Apartment,1454,"? 14,070",2,2,4,North,Unfurnished,Yes,2.4,2.1,7,6,"? 1,844",3.7,"? 20,457,780",9
Uttar Pradesh,Lucknow,Ashiyana,Apartment,1462,"? 14,109",3,3,3,West,Unfurnished,Yes,0.9,11.3,9,6,"? 3,137",3.3,"? 20,627,358",10
Uttar Pradesh,Lucknow,Chinhat,Apartment,1133,"? 21,261",2,2,8,East,Semi-Furnished,Yes,0.6,11.1,7,6,"? 4,235",3.6,"? 24,088,713",9
Uttar Pradesh,Lucknow,Faizabad Road,Apartment,1286,"? 5,106",3,3,10,East,Semi-Furnished,Yes,3,6.7,5,6,"? 3,245",3.4,"? 6,566,316",10
Chandigarh (Union Territory),Chandigarh,Sector 17,Apartment,1338,"? 8,609",2,2,3,West,Furnished,Yes,3.1,9,5,7,"? 5,062",3.3,"? 11,518,842",8
Chandigarh (Union Territory),Chandigarh,Sector 22,Apartment,1393,"? 8,386",2,2,10,North,Unfurnished,Yes,0.6,7.1,8,5,"? 2,722",3,"? 11,681,698",8
Chandigarh (Union Territory),Chandigarh,Sector 35,Apartment,948,"? 6,180",2,2,10,South,Furnished,Yes,1.6,9.1,5,4,"? 4,809",3.8,"? 5,858,640",8
Chandigarh (Union Territory),Chandigarh,Sector 44,Apartment,1027,"? 21,895",2,2,3,South,Semi-Furnished,Yes,0.9,11.3,7,7,"? 2,884",3,"? 22,486,165",10
Chandigarh (Union Territory),Chandigarh,Manimajra,Apartment,1082,"? 17,121",3,3,3,West,Unfurnished,Yes,2.3,8.3,8,7,"? 3,511",3.5,"? 18,524,922",8
Chandigarh (Union Territory),Chandigarh,Sector 15,Apartment,1093,"? 20,822",2,2,10,South,Furnished,Yes,1.4,3.3,8,7,"? 2,190",3.4,"? 22,758,446",7
Chandigarh (Union Territory),Chandigarh,Sector 8,Apartment,1473,"? 21,173",3,3,5,South,Unfurnished,Yes,1.6,8.3,6,6,"? 4,527",3.3,"? 31,187,829",7
Chandigarh (Union Territory),Chandigarh,Sector 10,Apartment,865,"? 20,801",2,2,9,West,Semi-Furnished,Yes,0.7,3.4,6,6,"? 5,961",3.9,"? 17,992,865",9
Chandigarh (Union Territory),Chandigarh,Sector 21,Apartment,1108,"? 21,921",3,3,10,West,Unfurnished,Yes,0.6,10.2,9,7,"? 5,357",3.4,"? 24,288,468",7
Chandigarh (Union Territory),Chandigarh,Sector 33,Apartment,1237,"? 16,179",3,3,8,West,Furnished,Yes,0.9,8.3,9,6,"? 5,300",4,"? 20,013,423",10
Rajasthan,Jaipur,C-Scheme,Independent House,800,"? 3,500",1,1,0,East,Unfurnished,Yes,,4,2,1,"? 1,500",2.5,"? 2,800,000",6
Rajasthan,Jaipur,Malviya Nagar,Independent House,840,"? 3,900",2,2,1,East,Semi-Furnished,No,,5.2,3,2,"? 2,100",3.1,"? 3,276,000",6.8
Rajasthan,Jaipur,Vaishali Nagar,Independent House,880,"? 4,300",3,3,2,East,Fully Furnished,Yes,,6.4,4,3,"? 2,700",3.7,"? 3,784,000",7.6
Rajasthan,Jaipur,Mansarovar,Independent House,920,"? 4,700",4,1,3,East,Unfurnished,No,,7.6,5,1,"? 3,300",4.3,"? 4,324,000",8.4
Rajasthan,Jaipur,Jagatpura,Independent House,960,"? 5,100",1,2,4,East,Semi-Furnished,Yes,,8.8,2,2,"? 3,900",4.9,"? 4,896,000",9.2
Rajasthan,Jaipur,Raja Park,Independent House,1000,"? 5,500",2,3,5,East,Fully Furnished,No,,4,3,3,"? 1,500",2.5,"? 5,500,000",6
Rajasthan,Jaipur,Bani Park,Independent House,1040,"? 3,500",3,1,6,East,Unfurnished,Yes,,5.2,4,1,"? 2,100",3.1,"? 3,640,000",6.8
Rajasthan,Jaipur,Civil Lines,Independent House,1080,"? 3,900",4,2,7,East,Semi-Furnished,No,,6.4,5,2,"? 2,700",3.7,"? 4,212,000",7.6
Rajasthan,Jaipur,Vidhyadhar Nagar,Independent House,1120,"? 4,300",1,3,8,East,Fully Furnished,Yes,,7.6,2,3,"? 3,300",4.3,"? 4,816,000",8.4
Punjab,Amritsar,Ranjit Avenue,Independent House,800,"? 3,500",1,1,0,East,Unfurnished,Yes,,4,2,1,"? 1,500",2.5,"? 2,800,000",6
Punjab,Amritsar,Lawrence Road,Independent House,840,"? 3,900",2,2,1,East,Semi-Furnished,No,,5.2,3,2,"? 2,100",3.1,"? 3,276,000",6.8
Punjab,Amritsar,Mall Road,Independent House,880,"? 4,300",3,3,2,East,Fully Furnished,Yes,,6.4,4,3,"? 2,700",3.7,"? 3,784,000",7.6
Punjab,Amritsar,Green Avenue,Independent House,920,"? 4,700",4,1,3,East,Unfurnished,No,,7.6,5,1,"? 3,300",4.3,"? 4,324,000",8.4
Punjab,Amritsar,Majitha Road,Independent House,960,"? 5,100",1,2,4,East,Semi-Furnished,Yes,,8.8,2,2,"? 3,900",4.9,"? 4,896,000",9.2
Punjab,Amritsar,Batala Road,Independent House,1000,"? 5,500",2,3,5,East,Fully Furnished,No,,4,3,3,"? 1,500",2.5,"? 5,500,000",6
Punjab,Amritsar,Sharifpura,Independent House,1040,"? 3,500",3,1,6,East,Unfurnished,Yes,,5.2,4,1,"? 2,100",3.1,"? 3,640,000",6.8
Punjab,Amritsar,Hall Bazaar,Independent House,1080,"? 3,900",4,2,7,East,Semi-Furnished,No,,6.4,5,2,"? 2,700",3.7,"? 4,212,000",7.6
West Bengal,Kolkata,Salt Lake,Independent House,800,"? 3,500",1,1,0,East,Unfurnished,Yes,,4,2,1,"? 1,500",2.5,"? 2,800,000",6
West Bengal,Kolkata,Ballygunge,Independent House,840,"? 3,900",2,2,1,East,Semi-Furnished,No,,5.2,3,2,"? 2,100",3.1,"? 3,276,000",6.8
West Bengal,Kolkata,Alipore,Independent House,880,"? 4,300",3,3,2,East,Fully Furnished,Yes,,6.4,4,3,"? 2,700",3.7,"? 3,784,000",7.6
West Bengal,Kolkata,Park Street,Independent House,920,"? 4,700",4,1,3,East,Unfurnished,No,,7.6,5,1,"? 3,300",4.3,"? 4,324,000",8.4
West Bengal,Kolkata,Behala,Independent House,960,"? 5,100",1,2,4,East,Semi-Furnished,Yes,,8.8,2,2,"? 3,900",4.9,"? 4,896,000",9.2
West Bengal,Kolkata,Garia,Independent House,1000,"? 5,500",2,3,5,East,Fully Furnished,No,,4,3,3,"? 1,500",2.5,"? 5,500,000",6
West Bengal,Kolkata,Dum Dum,Independent House,1040,"? 3,500",3,1,6,East,Unfurnished,Yes,,5.2,4,1,"? 2,100",3.1,"? 3,640,000",6.8
West Bengal,Kolkata,New Town,Independent House,1080,"? 3,900",4,2,7,East,Semi-Furnished,No,,6.4,5,2,"? 2,700",3.7,"? 4,212,000",7.6
West Bengal,Kolkata,Jadavpur,Independent House,1120,"? 4,300",1,3,8,East,Fully Furnished,Yes,,7.6,2,3,"? 3,300",4.3,"? 4,816,000",8.4
Kerala,Kochi,Fort Kochi,Independent House,800,"? 3,500",1,1,0,East,Unfurnished,Yes,,4,2,1,"? 1,500",2.5,"? 2,800,000",6
Kerala,Kochi,Mattancherry,Independent House,840,"? 3,900",2,2,1,East,Semi-Furnished,No,,5.2,3,2,"? 2,100",3.1,"? 3,276,000",6.8
Kerala,Kochi,Kakkanad,Independent House,880,"? 4,300",3,3,2,East,Fully Furnished,Yes,,6.4,4,3,"? 2,700",3.7,"? 3,784,000",7.6
Kerala,Kochi,Edappally,Independent House,920,"? 4,700",4,1,3,East,Unfurnished,No,,7.6,5,1,"? 3,300",4.3,"? 4,324,000",8.4
Kerala,Kochi,Palarivattom,Independent House,960,"? 5,100",1,2,4,East,Semi-Furnished,Yes,,8.8,2,2,"? 3,900",4.9,"? 4,896,000",9.2
Kerala,Kochi,Kaloor,Independent House,1000,"? 5,500",2,3,5,East,Fully Furnished,No,,4,3,3,"? 1,500",2.5,"? 5,500,000",6
Kerala,Kochi,Vyttila,Independent House,1040,"? 3,500",3,1,6,East,Unfurnished,Yes,,5.2,4,1,"? 2,100",3.1,"? 3,640,000",6.8
Kerala,Kochi,Thrippunithura,Independent House,1080,"? 3,900",4,2,7,East,Semi-Furnished,No,,6.4,5,2,"? 2,700",3.7,"? 4,212,000",7.6
Gujarat,Ahmedabad,Navrangpura,Independent House,800,"? 3,500",1,1,0,East,Unfurnished,Yes,,4,2,1,"? 1,500",2.5,"? 2,800,000",6
Gujarat,Ahmedabad,Satellite,Independent House,840,"? 3,900",2,2,1,East,Semi-Furnished,No,,5.2,3,2,"? 2,100",3.1,"? 3,276,000",6.8
Gujarat,Ahmedabad,Bodakdev,Independent House,880,"? 4,300",3,3,2,East,Fully Furnished,Yes,,6.4,4,3,"? 2,700",3.7,"? 3,784,000",7.6
Gujarat,Ahmedabad,Vastrapur,Independent House,920,"? 4,700",4,1,3,East,Unfurnished,No,,7.6,5,1,"? 3,300",4.3,"? 4,324,000",8.4
Gujarat,Ahmedabad,Maninagar,Independent House,960,"? 5,100",1,2,4,East,Semi-Furnished,Yes,,8.8,2,2,"? 3,900",4.9,"? 4,896,000",9.2
Gujarat,Ahmedabad,Paldi,Independent House,1000,"? 5,500",2,3,5,East,Fully Furnished,No,,4,3,3,"? 1,500",2.5,"? 5,500,000",6
Gujarat,Ahmedabad,Thaltej,Independent House,1040,"? 3,500",3,1,6,East,Unfurnished,Yes,,5.2,4,1,"? 2,100",3.1,"? 3,640,000",6.8
Gujarat,Ahmedabad,Prahlad Nagar,Independent House,1080,"? 3,900",4,2,7,East,Semi-Furnished,No,,6.4,5,2,"? 2,700",3.7,"? 4,212,000",7.6
Gujarat,Ahmedabad,Chandkheda,Independent House,1120,"? 4,300",1,3,8,East,Fully Furnished,Yes,,7.6,2,3,"? 3,300",4.3,"? 4,816,000",8.4
Madhya Pradesh,Indore,Vijay Nagar,Independent House,800,"? 3,500",1,1,0,East,Unfurnished,Yes,,4,2,1,"? 1,500",2.5,"? 2,800,000",6
Madhya Pradesh,Indore,Palasia,Independent House,840,"? 3,900",2,2,1,East,Semi-Furnished,No,,5.2,3,2,"? 2,100",3.1,"? 3,276,000",6.8
Madhya Pradesh,Indore,Rau,Independent House,880,"? 4,300",3,3,2,East,Fully Furnished,Yes,,6.4,4,3,"? 2,700",3.7,"? 3,784,000",7.6
Madhya Pradesh,Indore,Bhawarkua,Independent House,920,"? 4,700",4,1,3,East,Unfurnished,No,,7.6,5,1,"? 3,300",4.3,"? 4,324,000",8.4
Madhya Pradesh,Indore,Rajendra Nagar,Independent House,960,"? 5,100",1,2,4,East,Semi-Furnished,Yes,,8.8,2,2,"? 3,900",4.9,"? 4,896,000",9.2
Madhya Pradesh,Indore,Sudama Nagar,Independent House,1000,"? 5,500",2,3,5,East,Fully Furnished,No,,4,3,3,"? 1,500",2.5,"? 5,500,000",6
Madhya Pradesh,Indore,Saket,Independent House,1040,"? 3,500",3,1,6,East,Unfurnished,Yes,,5.2,4,1,"? 2,100",3.1,"? 3,640,000",6.8
Madhya Pradesh,Indore,MG Road,Independent House,1080,"? 3,900",4,2,7,East,Semi-Furnished,No,,6.4,5,2,"? 2,700",3.7,"? 4,212,000",7.6
